candidate_id,candidate_key,first_name,incumbent,last_name,name_display,order,party_id,percent,percent_display,seat,state_id,votes,winner
young-513,youngd,Don,True,Young,Don Young,4,republican,50.5,50.5,1,AK,155088,True
lindbeck-65461,lindbecks,Steve,,Lindbeck,Steve Lindbeck,1,democrat,36.2,36.2,1,AK,111019,
mcdermott-62643,mcdermottj,Jim,,McDermott,Jim McDermott,2,libertarian,10.3,10.3,1,AK,31770,
souphanavong-65821,souphanavongb,Bernie,,Souphanavong,Bernie Souphanavong,3,no-party-affiliation,3.0,3.0,1,AK,9093,
byrne-52813,byrneb,Bradley,True,Byrne,Bradley Byrne,1,republican,0.0,0.0,1,AL,0,True
roby-60628,robym,Martha,True,Roby,Martha Roby,2,republican,54.6,54.6,2,AL,134886,True
mathis-3739,mathisn,Nathan,,Mathis,Nathan Mathis,1,democrat,45.4,45.4,2,AL,112089,
rogers-1161,rogersm,Mike,True,Rogers,Mike Rogers,2,republican,67.0,67.0,3,AL,192164,True
smith-63525,smithj,Jesse,,Smith,Jesse Smith,1,democrat,33.0,33.0,3,AL,94549,
aderholt-523,aderholtr,Robert,True,Aderholt,Robert Aderholt,1,republican,0.0,0.0,4,AL,0,True
brooks-60629,brooksm,Mo,True,Brooks,Mo Brooks,2,republican,66.8,66.8,5,AL,205647,True
boyd-64581,boydw,Will,,Boyd,Will Boyd,1,democrat,33.2,33.2,5,AL,102234,
palmer-63532,palmerg,Gary,True,Palmer,Gary Palmer,2,republican,74.6,74.6,6,AL,245313,True
putman-64582,putmand,David,,Putman,David J. Putnam,1,democrat,25.4,25.4,6,AL,83709,
sewell-60639,sewellt,Terri,True,Sewell,Terri Sewell,1,democrat,0.0,0.0,7,AL,0,True
crawford-60226,crawfordr,Rick,True,Crawford,Rick Crawford,1,republican,76.3,76.3,1,AR,183866,True
west-65434,westm,Mark,,West,Mark West,2,libertarian,23.7,23.7,1,AR,57181,
hill-63416,hillf,French,True,Hill,French Hill,3,republican,58.4,58.4,2,AR,176472,True
curry-64589,curryd,Dianne,,Curry,Dianne Curry,1,democrat,36.9,36.9,2,AR,111347,
hayes-62182,hayesc,Chris,,Hayes,Chris Hayes,2,libertarian,4.7,4.7,2,AR,14342,
womack-60238,womacks,Steve,True,Womack,Steve Womack,2,republican,77.3,77.3,3,AR,217192,True
isaacson-65566,isaacsons,Steve,,Isaacson,Steve Isaacson,1,libertarian,22.7,22.7,3,AR,63715,
westerman-63418,westermanb,Bruce,True,Westerman,Bruce Westerman,2,republican,74.9,74.9,4,AR,182885,True
hicks-65567,hicksk,Kerry,,Hicks,Kerry Hicks,1,libertarian,25.1,25.1,4,AR,61274,
ohalleran-52697,ohallerant,Tom,,O'Halleran,Tom O'Halleran,2,democrat,50.7,50.7,1,AZ,142219,True
babeu-65711,babeup,Paul,,Babeu,Paul Babeu,1,republican,43.4,43.4,1,AZ,121745,
parrish-65828,parrishr,Ray,,Parrish,Ray Parrish,3,green,6.0,6.0,1,AZ,16746,
mcsally-61631,mcsallym,Martha,True,McSally,Martha McSally,1,republican,57.0,57.0,2,AZ,179806,True
heinz-62732,heinzm,Matt,,Heinz,Matt Heinz,2,democrat,43.0,43.0,2,AZ,135873,
grijalva-1131,grijalvar,Raul,True,Grijalva,Raul Grijalva,1,democrat,0.0,0.0,3,AZ,0,True
gosar-61002,gosarp,Paul,True,Gosar,Paul Gosar,1,republican,71.5,71.5,4,AZ,203487,True
weisser-62330,weisserm,Mikel,,Weisser,Mikel Weisser,2,democrat,28.5,28.5,4,AZ,81296,
biggs-52611,biggsa,Andy,,Biggs,Andy Biggs,1,republican,64.1,64.1,5,AZ,205184,True
fuentes-65715,fuentest,Talia,,Fuentes,Talia Fuentes,2,democrat,35.9,35.9,5,AZ,114940,
schweikert-5397,schweikertd,David,True,Schweikert,David Schweikert,1,republican,62.1,62.1,6,AZ,201578,True
williamson-62734,williamsonj,John,,Williamson,John Williamson,2,democrat,37.9,37.9,6,AZ,122866,
gallego-64361,gallegor,Ruben,True,Gallego,Ruben Gallego,2,democrat,75.3,75.3,7,AZ,119465,True
nunez-65621,nuneze,Eve,,Nunez,Eve Nunez,1,republican,24.7,24.7,7,AZ,39286,
franks-1121,frankst,Trent,True,Franks,Trent Franks,1,republican,68.6,68.6,8,AZ,204942,True
salazar-62718,salazarm,Mark,,Salazar,Mark Salazar,2,green,31.4,31.4,8,AZ,93954,
sinema-5418,sinemak,Kyrsten,True,Sinema,Kyrsten Sinema,2,democrat,60.9,60.9,9,AZ,169055,True
giles-65622,gilesd,Dave,,Giles,Dave Giles,1,republican,39.1,39.1,9,AZ,108350,
la-malfa-52531,la_malfad,Doug,True,La Malfa,Doug La Malfa,1,republican,59.1,59.1,1,CA,185448,True
reed-60871,reedj,Jim,,Reed,Jim Reed,2,democrat,40.9,40.9,1,CA,128588,
huffman-62063,huffmanj,Jared,True,Huffman,Jared Huffman,1,democrat,76.9,76.9,2,CA,254194,True
mensing-63594,mensingd,Dale,,Mensing,Dale Mensing,2,republican,23.1,23.1,2,CA,76572,
garamendi-7136,garamendij,John,True,Garamendi,John Garamendi,2,democrat,59.4,59.4,3,CA,152513,True
cleek-65008,cleeke,Eugene,,Cleek,Eugene Cleek,1,republican,40.6,40.6,3,CA,104453,
mcclintock-52499,mcclintockt,Tom,True,McClintock,Tom McClintock,2,republican,62.7,62.7,4,CA,220133,True
derlet-65010,derletr,Robert,,Derlet,Bob Derlet,1,democrat,37.3,37.3,4,CA,130845,
thompson-1115,thompsonm,Mike,True,Thompson,Mike Thompson,2,democrat,76.9,76.9,5,CA,224526,True
santamaria-65014,santamariac,Carlos,,Santamaria,Carlos Santamaria,1,republican,23.1,23.1,5,CA,67565,
matsui-51416,matsuid,Doris,True,Matsui,Doris Matsui,2,democrat,75.4,75.4,6,CA,177565,True
evans-65101,evansr,Robert,,Evans,Robert Evans,1,republican,24.6,24.6,6,CA,57848,
bera-60686,beraa,Ami,True,Bera,Ami Bera,1,democrat,51.2,51.2,7,CA,152133,True
jones-65102,joness,Scott,,Jones,Scott Jones,2,republican,48.8,48.8,7,CA,145168,
cook-62339,cookp,Paul,True,Cook,Paul Cook,1,republican,62.3,62.3,8,CA,136972,True
ramirez-65019,ramirezr,Rita,,Ramirez,Rita Ramirez,2,democrat,37.7,37.7,8,CA,83035,
mcnerney-50403,mcnerneyj,Jerry,True,McNerney,Jerry McNerney,2,democrat,57.4,57.4,9,CA,133163,True
amador-63605,amadort,Tony,,Amador,Tony Amador,1,republican,42.6,42.6,9,CA,98992,
denham-52493,denhamj,Jeff,True,Denham,Jeff Denham,1,republican,51.7,51.7,10,CA,124671,True
eggman-63608,eggmanm,Michael,,Eggman,Michael Eggman,2,democrat,48.3,48.3,10,CA,116470,
desaulnier-60108,desaulnierm,Mark,True,DeSaulnier,Mark DeSaulnier,1,democrat,72.1,72.1,11,CA,214868,True
petersen-58712,petersenr,Roger,,Petersen,Roger Allen Petersen,2,republican,27.9,27.9,11,CA,83341,
pelosi-24,pelosin,Nancy,True,Pelosi,Nancy Pelosi,1,democrat,80.9,80.9,12,CA,274035,True
picus-65023,picusp,Preston,,Picus,Preston Picus,2,independent,19.1,19.1,12,CA,64810,
lee-28,leeb,Barbara,True,Lee,Barbara Lee,2,democrat,90.8,90.8,13,CA,293117,True
caro-65024,caros,Sue,,Caro,Sue Caro,1,republican,9.2,9.2,13,CA,29754,
speier-52489,speierj,Jackie,True,Speier,Jackie Speier,2,democrat,80.9,80.9,14,CA,231630,True
cardenas-65579,cardenasa,Angel,,Cardenas,Angel Cardenas,1,republican,19.1,19.1,14,CA,54817,
swalwell-62343,swalwelle,Eric,True,Swalwell,Eric Swalwell,1,democrat,73.8,73.8,15,CA,198578,True
turner-65025,turnerd,Danny,,Turner,Danny Turner,2,republican,26.2,26.2,15,CA,70619,
costa-6818,costaj,Jim,True,Costa,Jim Costa,1,democrat,58.0,58.0,16,CA,97473,True
tacherra-62837,tacherraj,Johnny,,Tacherra,Johnny Tacherra,2,republican,42.0,42.0,16,CA,70483,
khanna-7547,khannar,Ro,,Khanna,Ro Khanna,2,democrat,61.0,61.0,17,CA,142268,True
honda-1206,hondam,Mike,True,Honda,Mike Honda,1,democrat,39.0,39.0,17,CA,90924,
eshoo-43,eshooa,Anna,True,Eshoo,Anna Eshoo,1,democrat,71.1,71.1,18,CA,230460,True
fox-63628,foxr,Richard,,Fox,Richard Fox,2,republican,28.9,28.9,18,CA,93470,
lofgren-49,lofgrenz,Zoe,True,Lofgren,Zoe Lofgren,2,democrat,73.9,73.9,19,CA,181802,True
lancaster-65029,lancasterb,Burt,,Lancaster,G. Burt Lancaster,1,republican,26.1,26.1,19,CA,64061,
panetta-65030,panettaj,Jimmy,,Panetta,Jimmy Panetta,2,democrat,70.8,70.8,20,CA,180980,True
lucius-65031,luciusc,Casey,,Lucius,Casey Lucius,1,republican,29.2,29.2,20,CA,74811,
valadao-62229,valadaod,David,True,Valadao,David Valadao,2,republican,56.7,56.7,21,CA,75126,True
huerta-65034,huertae,Emilio,,Huerta,Emilio Huerta,1,democrat,43.3,43.3,21,CA,57282,
nunes-67,nunesd,Devin,True,Nunes,Devin Nunes,2,republican,67.6,67.6,22,CA,158755,True
campos-65037,camposl,Louie,,Campos,Louie Campos,1,democrat,32.4,32.4,22,CA,76211,
mccarthy-52561,mccarthyk,Kevin,True,McCarthy,Kevin McCarthy,1,republican,69.2,69.2,23,CA,167116,True
reed-65039,reedw,Wendy,,Reed,Wendy Reed,2,democrat,30.8,30.8,23,CA,74468,
carbajal-65043,carbajals,Salud,,Carbajal,Salud Carbajal,1,democrat,53.4,53.4,24,CA,166034,True
fareed-63635,fareedj,Justin,,Fareed,Justin Fareed,2,republican,46.6,46.6,24,CA,144780,
knight-63641,knights,Steve,True,Knight,Steve Knight,2,republican,53.1,53.1,25,CA,138755,True
caforio-65048,caforiob,Bryan,,Caforio,Bryan Caforio,1,democrat,46.9,46.9,25,CA,122406,
brownley-62395,brownleyj,Julia,True,Brownley,Julia Brownley,1,democrat,60.4,60.4,26,CA,169248,True
dagnesses-63644,dagnessesr,Rafael,,Dagnesses,Rafael Dagnesses,2,republican,39.6,39.6,26,CA,111059,
chu-52450,chuj,Judy,True,Chu,Judy Chu,1,democrat,67.4,67.4,27,CA,168977,True
orswell-62396,orswellj,Jack,,Orswell,Jack Orswell,2,republican,32.6,32.6,27,CA,81655,
schiff-89,schiffa,Adam,True,Schiff,Adam Schiff,1,democrat,78.0,78.0,28,CA,210883,True
solis-65051,solisl,Lenore,,Solis,Lenore Solis,2,republican,22.0,22.0,28,CA,59526,
cardenas-6688,cardenast,Tony,True,Cardenas,Tony Cárdenas,2,democrat,74.7,74.7,29,CA,128407,True
alarcon-52500,alarconr,Richard,,Alarcon,Richard Alarcon,1,democrat,25.3,25.3,29,CA,43417,
sherman-84,shermanb,Brad,True,Sherman,Brad Sherman,2,democrat,72.6,72.6,30,CA,205279,True
reed-60848,reedm,Mark,,Reed,Mark Reed,1,republican,27.4,27.4,30,CA,77325,
aguilar-62883,aguilarp,Pete,True,Aguilar,Pete Aguilar,1,democrat,56.1,56.1,31,CA,121070,True
chabot-63653,chabotp,Paul,,Chabot,Paul Chabot,2,republican,43.9,43.9,31,CA,94866,
napolitano-113,napolitanog,Grace,True,Napolitano,Grace Napolitano,2,democrat,61.6,61.6,32,CA,114926,True
hernandez-65059,hernandezr,Roger,,Hernandez,Roger Hernandez,1,democrat,38.4,38.4,32,CA,71720,
lieu-63666,lieut,Ted,True,Lieu,Ted Lieu,1,democrat,66.4,66.4,33,CA,219397,True
wright-65106,wrightk,Kenneth,,Wright,Kenneth Wright,2,republican,33.6,33.6,33,CA,110822,
becerra-94,becerrax,Xavier,True,Becerra,Xavier Becerra,1,democrat,77.2,77.2,34,CA,122842,True
edwards-63681,edwardsa,Adrienne,,Edwards,Adrienne Edwards,2,democrat,22.8,22.8,34,CA,36314,
torres-63684,torresn,Norma,True,Torres,Norma Torres,2,democrat,72.4,72.4,35,CA,124044,True
fischella-65061,fischellat,Tyler,,Fischella,Tyler Fischella,1,republican,27.6,27.6,35,CA,47309,
ruiz-62342,ruizr,Raul,True,Ruiz,Raul Ruiz,1,democrat,62.1,62.1,36,CA,144348,True
stone-8546,stonej,Jeff,,Stone,Jeff Stone,2,republican,37.9,37.9,36,CA,88269,
bass-50853,bassk,Karen,True,Bass,Karen Bass,1,democrat,81.1,81.1,37,CA,192490,True
wiggins-65063,wigginsc,Chris,,Wiggins,Chris Wiggins,2,democrat,18.9,18.9,37,CA,44782,
sanchez-116,sanchezl,Linda,True,Sanchez,Linda Sánchez,2,democrat,70.5,70.5,38,CA,163590,True
downing-63654,downingr,Ryan,,Downing,Ryan Downing,1,republican,29.5,29.5,38,CA,68524,
royce-1215,roycee,Ed,True,Royce,Ed Royce,2,republican,57.2,57.2,39,CA,150777,True
murdock-65107,murdockb,Brett,,Murdock,Brett Murdock,1,democrat,42.8,42.8,39,CA,112679,
roybal-allard-102,roybal_allardl,Lucille,True,Roybal-Allard,Lucille Roybal-Allard,2,democrat,71.4,71.4,40,CA,106554,True
gonzalez-65066,gonzalezr,Roman,,Gonzalez,Roman Gonzalez,1,independent,28.6,28.6,40,CA,42743,
takano-8584,takanom,Mark,True,Takano,Mark Takano,2,democrat,65.0,65.0,41,CA,128164,True
shepherd-65069,shepherdd,Doug,,Shepherd,Doug Shepherd,1,republican,35.0,35.0,41,CA,69159,
calvert-132,calvertk,Ken,True,Calvert,Ken Calvert,1,republican,58.8,58.8,42,CA,149547,True
sheridan-63692,sheridant,Tim,,Sheridan,Tim Sheridan,2,democrat,41.2,41.2,42,CA,104689,
waters-104,watersm,Maxine,True,Waters,Maxine Waters,2,democrat,76.1,76.1,43,CA,167017,True
navarro-65070,navarroo,Omar,,Navarro,Omar Navarro,1,republican,23.9,23.9,43,CA,52499,
barragan-65073,barragann,Nanette,,Barragan,Nanette Barragán,1,democrat,52.2,52.2,44,CA,93124,True
hall-65071,halli,Isadore,,Hall,Isadore Hall III,2,democrat,47.8,47.8,44,CA,85289,
walters-12594,waltersm,Mimi,True,Walters,Mimi Walters,2,republican,58.6,58.6,45,CA,182618,True
varasteh-62404,varastehr,Ron,,Varasteh,Ron Varasteh,1,democrat,41.4,41.4,45,CA,129231,
correa-52470,correal,Lou,,Correa,Lou Correa,1,democrat,70.0,70.0,46,CA,115248,True
nguyen-65082,nguyenb,Bao,,Nguyen,Bao Nguyen,2,democrat,30.0,30.0,46,CA,49345,
lowenthal-52455,lowenthala,Alan,True,Lowenthal,Alan Lowenthal,1,democrat,63.7,63.7,47,CA,154759,True
whallon-63700,whallona,Andy,,Whallon,Andy Whallon,2,republican,36.3,36.3,47,CA,88109,
rohrabacher-138,rohrabacherd,Dana,True,Rohrabacher,Dana Rohrabacher,1,republican,58.3,58.3,48,CA,178701,True
savary-63704,savarys,Suzanne,,Savary,Suzanne Savary,2,democrat,41.7,41.7,48,CA,127715,
issa-146,issad,Darrell,True,Issa,Darrell Issa,2,republican,50.3,50.3,49,CA,155888,True
applegate-65086,applegated,Doug,,Applegate,Doug Applegate,1,democrat,49.7,49.7,49,CA,154267,
hunter-59681,hunterd,Duncan D.,True,Hunter,Duncan D. Hunter,1,republican,63.5,63.5,50,CA,179937,True
malloy-65088,malloyp,Patrick,,Malloy,Patrick Malloy,2,democrat,36.5,36.5,50,CA,103646,
vargas-52480,vargasj,Juan,True,Vargas,Juan Vargas,2,democrat,72.8,72.8,51,CA,145162,True
hidalgo-65091,hidalgoj,Juan,,Hidalgo,Juan Hidalgo Jr.,1,republican,27.2,27.2,51,CA,54362,
peters-50902,peterss,Scott,True,Peters,Scott Peters,2,democrat,56.5,56.5,52,CA,181253,True
gitsham-65096,gitshamd,Denise,,Gitsham,Denise Gitsham,1,republican,43.5,43.5,52,CA,139403,
davis-157,daviss,Susan,True,Davis,Susan A. Davis,1,democrat,67.0,67.0,53,CA,198988,True
veltmeyer-65099,veltmeyerj,James,,Veltmeyer,James Veltmeyer,2,republican,33.0,33.0,53,CA,97968,
degette-734,degetted,Diana,True,DeGette,Diana DeGette,1,democrat,67.9,67.9,1,CO,257254,True
stockham-65186,stockhamc,Charles,,Stockham,Charles Stockham,2,republican,27.7,27.7,1,CO,105030,
dinges-65633,dingesd,Darrell,,Dinges,Darrell Dinges,3,libertarian,4.4,4.4,1,CO,16752,
polis-9302,polisj,Jared,True,Polis,Jared Polis,1,democrat,56.9,56.9,2,CO,260175,True
morse-65187,morsen,Nicholas,,Morse,Nicholas Morse,2,republican,37.2,37.2,2,CO,170001,
longstreth-65634,longstrethr,Richard,,Longstreth,Richard Longstreth,3,libertarian,5.9,5.9,2,CO,27136,
tipton-51753,tiptons,Scott,True,Tipton,Scott Tipton,1,republican,54.6,54.6,3,CO,204220,True
schwartz-9364,schwartzg,Gail,,Schwartz,Gail Schwartz,2,democrat,40.3,40.3,3,CO,150914,
kent-62893,kentg,Gaylon,,Kent,Gaylon Kent,3,libertarian,5.1,5.1,3,CO,18903,
buck-61077,buckk,Ken,True,Buck,Ken Buck,2,republican,63.5,63.5,4,CO,248230,True
seay-65189,seayb,Bob,,Seay,Bob Seay,1,democrat,31.7,31.7,4,CO,123642,
griffith-65636,griffithb,Bruce,,Griffith,Bruce Griffith,3,libertarian,4.8,4.8,4,CO,18761,
lamborn-9174,lambornd,Doug,True,Lamborn,Doug Lamborn,2,republican,62.3,62.3,5,CO,225445,True
plowright-65190,plowrightm,Misty,,Plowright,Misty Plowright,1,democrat,30.9,30.9,5,CO,111676,
mcredmond-65637,mcredmondm,Mike,,McRedmond,Mike McRedmond,3,libertarian,6.9,6.9,5,CO,24872,
coffman-8993,coffmanm,Mike,True,Coffman,Mike Coffman,1,republican,50.9,50.9,6,CO,191626,True
carroll-65194,carrollm,Morgan,,Carroll,Morgan Carroll,2,democrat,42.6,42.6,6,CO,160372,
olsen-741,olsenn,Norm,,Olsen,Norm Olsen,3,libertarian,5.0,5.0,6,CO,18778,
worthey-65638,wortheyr,Robert Lee,,Worthey,Robert Lee Worthey,4,green,1.5,1.5,6,CO,5641,
perlmutter-9291,perlmuttere,Ed,True,Perlmutter,Ed Perlmutter,1,democrat,55.2,55.2,7,CO,199758,True
athanasopoulos-65193,athanasopoulosg,George,,Athanasopoulos,George Athanasopoulos,2,republican,39.8,39.8,7,CO,144066,
buchanan-63244,buchananm,Martin,,Buchanan,Martin Buchanan,3,libertarian,5.0,5.0,7,CO,18186,
larson-1139,larsonj,John,True,Larson,John Larson,1,democrat,64.1,64.1,1,CT,200686,True
corey-62729,coreym,Matthew,,Corey,Matthew Corey,2,republican,33.8,33.8,1,CT,105674,
derosa-62712,derosam,Michael,,DeRosa,Mike De Rosa,4,green,2.1,2.1,1,CT,6563,
courtney-1231,courtneyj,Joe,True,Courtney,Joe Courtney,1,democrat,63.2,63.2,2,CT,208818,True
novak-60574,novakd,Daria,,Novak,Daria Novak,2,republican,33.7,33.7,2,CT,111149,
pelto-65793,peltoj,Jonathan,,Pelto,Jonathan Pelto,5,green,1.6,1.6,2,CT,5332,
reale-61163,realed,Daniel,,Reale,Daniel Reale,4,libertarian,1.5,1.5,2,CT,4949,
delauro-1141,delauror,Rosa,True,DeLauro,Rosa DeLauro,1,democrat,69.0,69.0,3,CT,213572,True
cadena-65521,cadenaa,Angel,,Cadena,Angel Cadena,2,republican,31.0,31.0,3,CT,95786,
himes-59590,himesj,Jim,True,Himes,Jim Himes,1,democrat,59.9,59.9,4,CT,187811,True
shaban-65374,shabanj,John,,Shaban,John Shaban,2,republican,40.1,40.1,4,CT,125724,
esty-62534,estye,Elizabeth,True,Esty,Elizabeth Esty,1,democrat,58.0,58.0,5,CT,179252,True
cope-65375,copec,Clay,,Cope,Clay Cope,2,republican,42.0,42.0,5,CT,129801,
rochester-65591,rochesterl,Lisa,,Rochester,Lisa Blunt Rochester,1,democrat,55.5,55.5,1,DE,233554,True
reigle-65640,reigleh,Hans,,Reigle,Hans Reigle,2,republican,41.0,41.0,1,DE,172301,
perri-62706,perrim,Mark,,Perri,Mark Perri,3,green,2.0,2.0,1,DE,8326,
gesty-62449,gestys,Scott,,Gesty,Scott Gesty,4,libertarian,1.5,1.5,1,DE,6436,
gaetz-65653,gaetzm,Matt,,Gaetz,Matt Gaetz,1,republican,69.1,69.1,1,FL,255107,True
specht-65652,spechts,Steven,,Specht,Steven Specht,2,democrat,30.9,30.9,1,FL,114079,
dunn-65654,dunnn,Neal,,Dunn,Neal Dunn,1,republican,67.3,67.3,2,FL,231163,True
dartland-10617,dartlandw,Walter,,Dartland,Walter Dartland,2,democrat,29.9,29.9,2,FL,102801,
lapham-64016,laphamr,Rob,,Lapham,Rob Lapham,3,libertarian,2.7,2.7,2,FL,9395,
yoho-62555,yohot,Ted,True,Yoho,Ted Yoho,1,republican,56.6,56.6,3,FL,193843,True
mcgurn-65655,mcgurnk,Ken,,McGurn,Ken McGurn,2,democrat,39.8,39.8,3,FL,136338,
wells-65656,wellst,Tom,,Wells,Tom Wells,3,no-party-affiliation,3.7,3.7,3,FL,12519,
rutherford-65658,rutherfordj,John,,Rutherford,John Rutherford,1,republican,70.2,70.2,4,FL,287509,True
bruderly-65657,bruderlyd,David,,Bruderly,David Bruderly,2,democrat,27.6,27.6,4,FL,113088,
koniz-64215,konizg,Gary,,Koniz,Gary L. Koniz,3,no-party-affiliation,2.2,2.2,4,FL,9054,
lawson-53059,lawsona,Al,,Lawson,Al Lawson,2,democrat,64.2,64.2,5,FL,194549,True
smith-64142,smithg,Glo,,Smith,Glo Smith,1,republican,35.8,35.8,5,FL,108325,
desantis-62557,desantisr,Ron,True,DeSantis,Ron DeSantis,1,republican,58.6,58.6,6,FL,213519,True
mccullough-65769,mcculloughb,Bill,,McCullough,Bill McCullough,2,democrat,41.4,41.4,6,FL,151051,
murphy-65659,murphys,Stephanie,,Murphy,Stephanie Murphy,2,democrat,51.5,51.5,7,FL,182039,True
mica-856,micaj,John,True,Mica,John Mica,1,republican,48.5,48.5,7,FL,171583,
posey-53077,poseyb,Bill,True,Posey,Bill Posey,1,republican,63.1,63.1,8,FL,246483,True
westbrook-65660,westbrookc,Corry,,Westbrook,Corry Westbrook,2,democrat,32.5,32.5,8,FL,127127,
stinson-65661,stinsonb,Bill,,Stinson,Bill Stinson,3,no-party-affiliation,4.3,4.3,8,FL,16951,
soto-65743,sotod,Darren,,Soto,Darren Soto,2,democrat,57.5,57.5,9,FL,195311,True
liebnitzky-65747,liebnitzkyw,Wayne,,Liebnitzky,Wayne Liebnitzky,1,republican,42.5,42.5,9,FL,144450,
demings-62128,demingsv,Val,,Demings,Val Demings,2,democrat,64.9,64.9,10,FL,198491,True
lowe-65662,lowet,Thuy,,Lowe,Thuy Lowe,1,republican,35.1,35.1,10,FL,107498,
webster-53062,websterd,Daniel,True,Webster,Daniel Webster,1,republican,65.4,65.4,11,FL,258016,True
koller-64153,kollerd,Dave,,Koller,Dave Koller,2,democrat,31.6,31.6,11,FL,124713,
riggs-60496,riggsb,Bruce Ray,,Riggs,Bruce Ray Riggs,3,no-party-affiliation,3.0,3.0,11,FL,11990,
bilirakis-52981,bilirakisg,Gus,True,Bilirakis,Gus Bilirakis,1,republican,68.6,68.6,12,FL,253559,True
tager-65663,tagerr,Robert,,Tager,Robert Tager,2,democrat,31.4,31.4,12,FL,116110,
crist-10601,cristc,Charlie,,Crist,Charlie Crist,2,democrat,51.9,51.9,13,FL,184693,True
jolly-63159,jollyd,David,True,Jolly,David Jolly,1,republican,48.1,48.1,13,FL,171149,
castor-10546,castork,Kathy,True,Castor,Kathy Castor,2,democrat,61.8,61.8,14,FL,195789,True
quinn-65664,quinnc,Christine,,Quinn,Christine Quinn,1,republican,38.2,38.2,14,FL,121088,
ross-52996,rossd,Dennis,True,Ross,Dennis A. Ross,1,republican,57.5,57.5,15,FL,182999,True
lange-65665,langej,Jim,,Lange,Jim Lange,2,democrat,42.5,42.5,15,FL,135475,
buchanan-53213,buchananv,Vern,True,Buchanan,Vern Buchanan,1,republican,59.8,59.8,16,FL,230654,True
schneider-1009,schneiderj,Jan,,Schneider,Jan Schneider,2,democrat,40.2,40.2,16,FL,155262,
rooney-59163,rooneyt,Tom,True,Rooney,Tom Rooney,1,republican,61.8,61.8,17,FL,209348,True
freeman-63276,freemana,April,,Freeman,April Freeman,2,democrat,34.2,34.2,17,FL,115974,
sawyer-65666,sawyerj,John,,Sawyer,John Sawyer,3,no-party-affiliation,3.9,3.9,17,FL,13353,
mast-65757,mastb,Brian,,Mast,Brian Mast,1,republican,53.6,53.6,18,FL,201488,True
perkins-65771,perkinsr,Randy,,Perkins,Randy Perkins,2,democrat,43.1,43.1,18,FL,161918,
spalding-65667,spaldingc,Carla,,Spalding,Carla Spalding,3,no-party-affiliation,3.3,3.3,18,FL,12503,
rooney-65668,rooneyf,Francis,,Rooney,Francis Rooney,1,republican,65.9,65.9,19,FL,239225,True
neeld-11095,neeldr,Robert,,Neeld,Robert Neeld,2,democrat,34.1,34.1,19,FL,123812,
hastings-874,hastingsa,Alcee,True,Hastings,Alcee L. Hastings,2,democrat,80.3,80.3,20,FL,222914,True
stein-58845,steing,Gary,,Stein,Gary Stein,1,republican,19.7,19.7,20,FL,54646,
frankel-10720,frankell,Lois,True,Frankel,Lois Frankel,2,democrat,62.7,62.7,21,FL,210606,True
spain-64165,spainp,Paul,,Spain,Paul Spain,1,republican,35.1,35.1,21,FL,118038,
trout-62150,troutm,Michael,,Trout,Michael Trout,3,no-party-affiliation,2.1,2.1,21,FL,7217,
deutch-60128,deutcht,Ted,True,Deutch,Ted Deutch,2,democrat,58.9,58.9,22,FL,199113,True
mcgee-64164,mcgeea,Andrea,,McGee,Andrea McGee,1,republican,41.1,41.1,22,FL,138737,
wasserman-schultz-11357,wasserman_schultzd,Debbie,True,Wasserman Schultz,Debbie Wasserman Schultz,2,democrat,56.7,56.7,23,FL,183225,True
kaufman-64167,kaufmanj,Joe,,Kaufman,Joe Kaufman,1,republican,40.5,40.5,23,FL,130818,
endriss-65669,endrissd,Don,,Endriss,Don Endriss,3,no-party-affiliation,1.6,1.6,23,FL,5180,
milstein-65670,milsteinl,Lyle,,Milstein,Lyle Milstein,4,no-party-affiliation,1.2,1.2,23,FL,3897,
wilson-53086,wilsonf,Frederica,True,Wilson,Frederica S. Wilson,1,democrat,0.0,0.0,24,FL,0,True
diaz-balart-878,diaz_balartm,Mario,True,Diaz-Balart,Mario Diaz-Balart,1,republican,62.4,62.4,25,FL,157921,True
valdes-65763,valdesa,Alina,,Valdes,Alina Valdes,2,democrat,37.6,37.6,25,FL,95319,
curbelo-64170,curbeloc,Carlos,True,Curbelo,Carlos Curbelo,1,republican,52.9,52.9,26,FL,148547,True
garcia-58641,garciaj,Joe,,Garcia,Joe Garcia,2,democrat,41.2,41.2,26,FL,115493,
peixoto-62152,peixotoj,Jose,,Peixoto,Jose Peixoto,3,no-party-affiliation,5.9,5.9,26,FL,16502,
ros-lehtinen-867,ros_lehtineni,Ileana,True,Ros-Lehtinen,Ileana Ros-Lehtinen,1,republican,54.9,54.9,27,FL,157917,True
fuhrman-65672,fuhrmans,Scott,,Fuhrman,Scott Fuhrman,2,democrat,45.1,45.1,27,FL,129760,
carter-63354,carterb,Buddy,True,Carter,Earl L. Buddy Carter,1,republican,0.0,0.0,1,GA,0,True
bishop-1253,bishops,Sanford,True,Bishop,Sanford D. Bishop Jr.,2,democrat,61.2,61.2,2,GA,148543,True
duke-63358,dukeg,Greg,,Duke,Greg Duke,1,republican,38.8,38.8,2,GA,94056,
ferguson-64902,fergusond,Drew,,Ferguson,Drew Ferguson,1,republican,68.3,68.3,3,GA,207218,True
pendley-64884,pendleya,Angela,,Pendley,Angela Pendley,2,democrat,31.7,31.7,3,GA,95969,
johnson-59400,johnsonh,Hank,True,Johnson,Hank Johnson,2,democrat,75.7,75.7,4,GA,220146,True
armendariz-61317,armendarizv,Victor,,Armendariz,Victor Armendariz,1,republican,24.3,24.3,4,GA,70593,
lewis-833,lewisj,John,True,Lewis,John Lewis,2,democrat,84.4,84.4,5,GA,253781,True
bell-64890,belld,Douglas,,Bell,Douglas Bell,1,republican,15.6,15.6,5,GA,46768,
price-12873,pricet,Tom,True,Price,Tom Price,1,republican,61.7,61.7,6,GA,201088,True
stooksbury-64891,stooksburyr,Rodney,,Stooksbury,Rodney Stooksbury,2,democrat,38.3,38.3,6,GA,124917,
woodall-61021,woodallr,Rob,True,Woodall,Rob Woodall,1,republican,60.4,60.4,7,GA,174081,True
malik-64892,malikr,Rashid,,Malik,Rashid Malik,2,democrat,39.6,39.6,7,GA,114220,
scott-13031,scotta,Austin,True,Scott,Austin Scott,1,republican,67.6,67.6,8,GA,173983,True
harris-64905,harrisj,James,,Harris,James Harris,2,democrat,32.4,32.4,8,GA,83225,
collins-62270,collinsd,Doug,True,Collins,Doug Collins,1,republican,0.0,0.0,9,GA,0,True
hice-61020,hicej,Jody,True,Hice,Jody B. Hice,1,republican,0.0,0.0,10,GA,0,True
loudermilk-63369,loudermilkb,Barry,True,Loudermilk,Barry Loudermilk,1,republican,67.4,67.4,11,GA,217935,True
wilson-64903,wilsond,Don,,Wilson,Don Wilson,2,democrat,32.6,32.6,11,GA,105383,
allen-61316,allenr,Rick,True,Allen,Rick W. Allen,1,republican,61.6,61.6,12,GA,159492,True
mccracken-64898,mccrackent,Tricia,,McCracken,Tricia McCracken,2,democrat,38.4,38.4,12,GA,99420,
scott-1257,scottd,David,True,Scott,David Scott,1,democrat,0.0,0.0,13,GA,0,True
graves-53104,gravest,Tom,True,Graves,Tom Graves,1,republican,0.0,0.0,14,GA,0,True
hanabusa-53401,hanabusac,Colleen,,Hanabusa,Colleen Hanabusa,2,democrat,71.9,71.9,1,HI,145417,True
ostrov-65532,ostrovs,Shirlene,,Ostrov,Shirlene Ostrov,3,republican,22.7,22.7,1,HI,45958,
yim-65533,yima,Alan,,Yim,Alan Yim,4,libertarian,3.3,3.3,1,HI,6601,
griffin-63996,griffinc,Calvin,,Griffin,Calvin Griffin,1,nonpartisan,2.2,2.2,1,HI,4381,
gabbard-62589,gabbardt,Tulsi,True,Gabbard,Tulsi Gabbard,1,democrat,81.2,81.2,2,HI,170848,True
kaaihue-65535,kaaihuea,Angela,,Kaaihue,Angela Kaaihue,2,republican,18.8,18.8,2,HI,39668,
blum-62159,blumr,Rod,True,Blum,Rod Blum,1,republican,53.8,53.8,1,IA,206903,True
vernon-63571,vernonm,Monica,,Vernon,Monica Vernon,2,democrat,46.2,46.2,1,IA,177403,
loebsack-51537,loebsackd,Dave,True,Loebsack,Dave Loebsack,2,democrat,53.7,53.7,2,IA,198571,True
peters-65142,petersc,Christopher,,Peters,Christopher Peters,1,republican,46.3,46.3,2,IA,170933,
young-63579,youngd,David,True,Young,David Young,1,republican,53.5,53.5,3,IA,208598,True
mowrer-63580,mowrerj,Jim,,Mowrer,Jim Mowrer,2,democrat,39.8,39.8,3,IA,155002,
holder-64432,holderb,Bryan,,Holder,Bryan Holder,3,libertarian,3.9,3.9,3,IA,15372,
addy-65796,addyc,Claudia,,Addy,Claudia Addy,4,petitioning-candidate,1.6,1.6,3,IA,6348,
grandanette-63576,grandanettej,Joe,,Grandanette,Joe Grandanette,5,petitioning-candidate,1.2,1.2,3,IA,4518,
king-539,kings,Steve,True,King,Steve King,1,republican,61.3,61.3,4,IA,226719,True
weaver-65144,weaverk,Kim,,Weaver,Kim Weaver,2,democrat,38.7,38.7,4,IA,142993,
labrador-60527,labradorr,Raul,True,Labrador,Raúl R. Labrador,1,republican,68.2,68.2,1,ID,242252,True
piotrowski-64863,piotrowskij,James,,Piotrowski,James Piotrowski,2,democrat,31.8,31.8,1,ID,113052,
simpson-504,simpsonm,Mike,True,Simpson,Mike Simpson,2,republican,62.9,62.9,2,ID,205292,True
martinez-64866,martinezj,Jennifer,,Martinez,Jennifer Martinez,1,democrat,29.4,29.4,2,ID,95940,
tomkins-64867,tomkinsa,Anthony,,Tomkins,Anthony Tomkins,3,constitution,7.7,7.7,2,ID,25005,
rush-1263,rushb,Bobby,True,Rush,Bobby L. Rush,1,democrat,74.1,74.1,1,IL,234037,True
deuser-64662,deusera,August,,Deuser,August Deuser,2,republican,25.9,25.9,1,IL,81817,
kelly-53697,kellyr,Robin,True,Kelly,Robin Kelly,1,democrat,79.8,79.8,2,IL,235051,True
morrow-64721,morrowj,John,,Morrow,John Morrow,2,republican,20.2,20.2,2,IL,59471,
lipinski-50681,lipinskid,Dan,True,Lipinski,Daniel Lipinski,1,democrat,0.0,0.0,3,IL,0,True
gutierrez-1267,gutierrezl,Luis,True,Gutierrez,Luis V. Gutiérrez,1,democrat,0.0,0.0,4,IL,0,True
quigley-59914,quigleym,Mike,True,Quigley,Mike Quigley,1,democrat,67.8,67.8,5,IL,212842,True
kolber-64264,kolberv,Vince,,Kolber,Vince Kolber,2,republican,27.5,27.5,5,IL,86222,
sherman-64681,shermanr,Rob,,Sherman,Rob Sherman,3,green,4.7,4.7,5,IL,14657,
roskam-53825,roskamp,Peter,True,Roskam,Peter Roskam,2,republican,59.2,59.2,6,IL,208555,True
howland-64666,howlanda,Amanda,,Howland,Amanda Howland,1,democrat,40.8,40.8,6,IL,143591,
davis-59339,davisd,Danny,True,Davis,Danny K. Davis,1,democrat,84.2,84.2,7,IL,250584,True
leef-65644,leefj,Jeffrey,,Leef,Jeffrey Leef,2,republican,15.8,15.8,7,IL,46882,
krishnamoorthi-61644,krishnamoorthir,Raja,,Krishnamoorthi,Raja Krishnamoorthi,1,democrat,58.3,58.3,8,IL,144954,True
dicianni-64717,diciannip,Pete,,DiCianni,Pete DiCianni,2,republican,41.7,41.7,8,IL,103617,
schakowsky-1275,schakowskyj,Jan,True,Schakowsky,Jan Schakowsky,1,democrat,66.5,66.5,9,IL,217306,True
mccarthy-lasonde-64719,mccarthy_lasondej,Joan,,McCarthy Lasonde,Joan McCarthy Lasonde,2,republican,33.5,33.5,9,IL,109550,
schneider-61646,schneiderb,Brad,,Schneider,Brad Schneider,1,democrat,52.6,52.6,10,IL,150435,True
dold-60158,doldr,Robert,True,Dold,Robert J. Dold,2,republican,47.4,47.4,10,IL,135535,
foster-58367,fosterb,Bill,True,Foster,Bill Foster,1,democrat,60.4,60.4,11,IL,166578,True
khouri-64671,khourit,Tonia,,Khouri,Tonia Khouri,2,republican,39.6,39.6,11,IL,108995,
bost-15698,bostm,Mike,True,Bost,Mike Bost,2,republican,54.3,54.3,12,IL,169976,True
baricevic-64720,baricevicc,C.J.,,Baricevic,C.J. Baricevic,1,democrat,39.7,39.7,12,IL,124246,
bradshaw-62251,bradshawp,Paula,,Bradshaw,Paula Bradshaw,3,green,6.0,6.0,12,IL,18780,
davis-16089,davisr,Rodney,True,Davis,Rodney Davis,2,republican,59.7,59.7,13,IL,187583,True
wicklund-64718,wicklundm,Mark,,Wicklund,Mark Wicklund,1,democrat,40.3,40.3,13,IL,126811,
hultgren-53754,hultgrenr,Randy,True,Hultgren,Randy Hultgren,2,republican,59.3,59.3,14,IL,200508,True
walz-64676,walzj,Jim,,Walz,Jim Walz,1,democrat,40.7,40.7,14,IL,137589,
shimkus-1285,shimkusj,John,True,Shimkus,John Shimkus,1,republican,0.0,0.0,15,IL,0,True
kinzinger-60166,kinzingera,Adam,True,Kinzinger,Adam Kinzinger,1,republican,0.0,0.0,16,IL,0,True
bustos-61657,bustosc,Cheri,True,Bustos,Cheri Bustos,1,democrat,60.3,60.3,17,IL,173125,True
harlan-64679,harlanp,Patrick,,Harlan,Patrick Harlan,2,republican,39.7,39.7,17,IL,113943,
lahood-16982,lahoodd,Darin,True,LaHood,Darin LaHood,2,republican,72.1,72.1,18,IL,250506,True
rodriguez-65645,rodriguezj,Junius,,Rodriguez,Junius Rodriguez,1,democrat,27.9,27.9,18,IL,96770,
visclosky-422,viscloskyp,Peter,True,Visclosky,Peter J. Visclosky,1,democrat,81.5,81.5,1,IN,207515,True
dunn-64230,dunnd,Donna,,Dunn,Donna Dunn,2,libertarian,18.5,18.5,1,IN,47051,
walorski-60423,walorskij,Jackie,True,Walorski,Jackie Walorski,3,republican,59.3,59.3,2,IN,164355,True
coleman-64754,colemanl,Lynn,,Coleman,Lynn Coleman,1,democrat,36.9,36.9,2,IN,102401,
cenkush-65429,cenkushr,Ron,,Cenkush,Ron Cenkush,2,libertarian,3.8,3.8,2,IN,10601,
banks-64756,banksj,Jim,,Banks,Jim Banks,3,republican,70.1,70.1,3,IN,201396,True
schrader-61677,schradert,Tommy,,Schrader,Tommy Schrader,1,democrat,23.0,23.0,3,IN,66023,
snyder-65430,snyderp,Pepper,,Snyder,Pepper Snyder,2,libertarian,6.9,6.9,3,IN,19828,
rokita-19081,rokitat,Todd,True,Rokita,Todd Rokita,3,republican,64.6,64.6,4,IN,193412,True
dale-63317,dalej,John,,Dale,John Dale,1,democrat,30.5,30.5,4,IN,91256,
mayoras-65646,mayorass,Steven,,Mayoras,Steven Mayoras,2,libertarian,4.9,4.9,4,IN,14766,
brooks-61698,brookss,Susan,True,Brooks,Susan W. Brooks,3,republican,61.5,61.5,5,IN,221957,True
demaree-64760,demareea,Angela,,Demaree,Angela Demaree,1,democrat,34.3,34.3,5,IN,123849,
wittlief-65431,wittliefm,Matthew,,Wittlief,Matthew Wittlief,2,libertarian,4.2,4.2,5,IN,15329,
messer-53892,messerl,Luke,True,Messer,Luke Messer,3,republican,69.1,69.1,6,IN,204920,True
welsh-51511,welshb,Barry,,Welsh,Barry Welsh,1,democrat,26.7,26.7,6,IN,79135,
turvey-65647,turveyr,Rich,,Turvey,Rich Turvey,2,libertarian,4.2,4.2,6,IN,12330,
carson-57849,carsona,Andre,True,Carson,André Carson,1,democrat,60.0,60.0,7,IN,158739,True
ping-59383,pingc,Catherine,,Ping,Catherine Ping,3,republican,35.7,35.7,7,IN,94456,
thompson-65432,thompsond,Drew,,Thompson,Drew Thompson,2,libertarian,4.3,4.3,7,IN,11475,
bucshon-60421,bucshonl,Larry,True,Bucshon,Larry Bucshon,3,republican,63.7,63.7,8,IN,187702,True
drake-64771,draker,Ron,,Drake,Ron Drake,1,democrat,31.7,31.7,8,IN,93356,
horning-732,horninga,Andrew,,Horning,Andrew Horning,2,libertarian,4.6,4.6,8,IN,13655,
hollingsworth-64768,hollingswortht,Trey,,Hollingsworth,Trey Hollingsworth,3,republican,54.1,54.1,9,IN,174791,True
yoder-61693,yoders,Shelli,,Yoder,Shelli Yoder,1,democrat,40.5,40.5,9,IN,130627,
brooksbank-65433,brooksbankr,Russell,,Brooksbank,Russell Brooksbank,2,libertarian,5.4,5.4,9,IN,17425,
marshall-65324,marshallr,Roger,,Marshall,Roger Marshall,1,republican,66.1,66.1,1,KS,169992,True
lapolice-64072,lapolicea,Alan,,LaPolice,Alan LaPolice,3,independent,26.3,26.3,1,KS,67739,
burt-65685,burtk,Kerry,,Burt,Kerry Burt,2,libertarian,7.5,7.5,1,KS,19366,
jenkins-19867,jenkinsl,Lynn,True,Jenkins,Lynn Jenkins,2,republican,60.9,60.9,2,KS,181228,True
potter-65325,potterb,Britani,,Potter,Britani Potter,1,democrat,32.6,32.6,2,KS,96840,
bales-65686,balesj,James,,Bales,James Bales,3,libertarian,6.5,6.5,2,KS,19333,
yoder-54005,yoderk,Kevin,True,Yoder,Kevin Yoder,2,republican,51.3,51.3,3,KS,176022,True
sidie-65328,sidiej,Jay,,Sidie,Jay Sidie,1,democrat,40.6,40.6,3,KS,139300,
hohe-65687,hohes,Steven,,Hohe,Steven Hohe,3,libertarian,8.1,8.1,3,KS,27791,
pompeo-60768,pompeom,Mike,True,Pompeo,Mike Pompeo,2,republican,60.7,60.7,4,KS,166998,True
giroux-65330,girouxd,Daniel,,Giroux,Daniel Giroux,1,democrat,29.6,29.6,4,KS,81495,
allen-65797,allenm,Miranda,,Allen,Miranda Allen,4,independent,6.9,6.9,4,KS,19021,
bakken-65688,bakkeng,Gordon,,Bakken,Gordon Bakken,3,libertarian,2.8,2.8,4,KS,7737,
comer-54203,comerj,James,,Comer,James Comer,1,republican,72.6,72.6,1,KY,216959,True
gaskins-64847,gaskinss,Samuel,,Gaskins,Samuel Gaskins,2,democrat,27.4,27.4,1,KY,81710,
guthrie-54282,guthrieb,Brett,True,Guthrie,Brett Guthrie,1,republican,0.0,0.0,2,KY,0,True
yarmuth-51522,yarmuthj,John,True,Yarmuth,John Yarmuth,2,democrat,63.5,63.5,3,KY,212401,True
bratcher-64858,bratcherh,Harold,,Bratcher,Harold Bratcher,1,republican,36.5,36.5,3,KY,122093,
corley-64851,corleye,Everett,,Corley,Everett Corley,3,other,0.0,0.0,3,KY,0,
massie-61880,massiet,Thomas,True,Massie,Thomas Massie,1,republican,71.3,71.3,4,KY,233922,True
sidle-64852,sidlec,Calvin,,Sidle,Calvin Sidle,2,democrat,28.7,28.7,4,KY,94065,
rogers-208,rogersh,Hal,True,Rogers,Harold Rogers,1,republican,0.0,0.0,5,KY,0,True
barr-60705,barra,Andy,True,Barr,Andy Barr,1,republican,61.1,61.1,6,KY,202099,True
kemper-64854,kempern,Nancy Jo,,Kemper,Nancy Jo Kemper,2,democrat,38.9,38.9,6,KY,128728,
scalise-54369,scalises,Steve,True,Scalise,Steve Scalise,5,republican,74.6,74.6,1,LA,243645,True
dugas-64460,dugasl,Lee Ann,,Dugas,Lee Ann Dugas,2,democrat,12.8,12.8,1,LA,41840,
faust-65605,faustd,Danil,,Faust,Danil Faust,3,democrat,3.9,3.9,1,LA,12708,
kearney-65606,kearneyh,Howard,,Kearney,Howard Kearney,4,libertarian,2.9,2.9,1,LA,9405,
swider-65603,swiderj,Joe,,Swider,Joe Swider,6,democrat,2.8,2.8,1,LA,9237,
barron-63138,barrone,Eliot,,Barron,Eliot Barron,1,green,2.1,2.1,1,LA,6717,
yang-65604,yangc,Chuemai,,Yang,Chuemai Yang,7,no-party-affiliation,1.0,1.0,1,LA,3236,
richmond-54388,richmondc,Cedric,True,Richmond,Cedric L. Richmond,3,democrat,69.8,69.8,2,LA,198289,True
holden-65607,holdenk,Kip,,Holden,Kip Holden,2,democrat,20.1,20.1,2,LA,57125,
cutno-65608,cutnok,Kenneth,,Cutno,Kenneth Cutno,1,democrat,10.2,10.2,2,LA,28855,
higgins-65612,higginsc,Clay,,Higgins,Clay Higgins,2,republican,56.1,56.1,3,LA,77670,True
angelle-64517,angelles,Scott,,Angelle,Scott Angelle,1,republican,43.9,43.9,3,LA,60760,
johnson-65700,johnsonm,Mike,,Johnson,Mike Johnson,1,republican,65.2,65.2,4,LA,87369,True
jones-65694,jonesm,Marshall,,Jones,Marshall Jones,2,democrat,34.8,34.8,4,LA,46578,
abraham-64084,abrahamr,Ralph,True,Abraham,Ralph Abraham,1,republican,81.6,81.6,5,LA,208545,True
burkette-65699,burketteb,Billy,,Burkette,Billy Burkette,2,republican,18.4,18.4,5,LA,47117,
graves-64093,gravesg,Garret,True,Graves,Garret Graves,4,republican,62.7,62.7,6,LA,207483,True
lieberman-64091,liebermanr,Richard,,Lieberman,Richard Lieberman,5,democrat,14.9,14.9,6,LA,49380,
bell-64096,bellb,Bob,,Bell,Bob Bell,1,republican,10.1,10.1,6,LA,33592,
sampson-65697,sampsonj,Jermaine,,Sampson,Jermaine Sampson,6,democrat,9.0,9.0,6,LA,29822,
fontanesi-50937,fontanesir,Richard,,Fontanesi,Richard Fontanesi,2,libertarian,2.3,2.3,6,LA,7603,
graham-65696,grahamd,Devin,,Graham,Devin Graham,3,other,1.0,1.0,6,LA,3218,
neal-882,nealr,Richard,True,Neal,Richard E. Neal,1,democrat,73.5,73.5,1,MA,235803,True
mayock-64435,mayockf,Frederick,,Mayock,Frederick Mayock,2,independent,17.9,17.9,1,MA,57504,
simmons-65438,simmonst,Thomas,,Simmons,Thomas Simmons,3,libertarian,8.6,8.6,1,MA,27511,
mcgovern-883,mcgovernj,Jim,True,McGovern,Jim McGovern,1,democrat,0.0,0.0,2,MA,0,True
tsongas-59617,tsongasn,Niki,True,Tsongas,Niki Tsongas,1,democrat,68.8,68.8,3,MA,236713,True
wofford-63940,wofforda,Ann,,Wofford,Ann Wofford,2,republican,31.2,31.2,3,MA,107519,
kennedy-60122,kennedyj,Joe,True,Kennedy,Joe Kennedy,1,democrat,70.2,70.2,4,MA,265823,True
rosa-62725,rosad,David,,Rosa,David Rosa,2,republican,29.8,29.8,4,MA,113055,
clark-63056,clarkk,Katherine,True,Clark,Katherine Clark,1,democrat,0.0,0.0,5,MA,0,True
moulton-63945,moultons,Seth,True,Moulton,Seth Moulton,1,democrat,0.0,0.0,6,MA,0,True
capuano-889,capuanom,Mike,True,Capuano,Michael E. Capuano,1,democrat,0.0,0.0,7,MA,0,True
lynch-890,lynchs,Stephen,True,Lynch,Stephen F. Lynch,1,democrat,72.5,72.5,8,MA,271019,True
burke-65439,burkew,William,,Burke,William Burke,2,republican,27.5,27.5,8,MA,102744,
keating-22757,keatingb,Bill,True,Keating,Bill Keating,1,democrat,55.8,55.8,9,MA,211790,True
alliegro-63946,alliegrom,Mark,,Alliegro,Mark Alliegro,2,republican,33.7,33.7,9,MA,127803,
harrington-65823,harringtonp,Paul,,Harrington,Paul Harrington,4,independent,6.9,6.9,9,MA,26233,
cataldo-65437,cataldoc,Christopher,,Cataldo,Christopher Cataldo,3,unenrolled,2.2,2.2,9,MA,8338,
raduc-65824,raduca,Anna Grace,,Raduc,Anna Grace Raduc,5,unenrolled,1.4,1.4,9,MA,5320,
harris-58831,harrisa,Andy,True,Harris,Andy Harris,1,republican,67.1,67.1,1,MD,242574,True
werner-64811,wernerj,Joe,,Werner,Joe Werner,2,democrat,28.7,28.7,1,MD,103622,
beers-65568,beersm,Matt,,Beers,Matt Beers,3,libertarian,4.3,4.3,1,MD,15370,
ruppersberger-1055,ruppersbergerd,Dutch,True,Ruppersberger,C.A. Dutch Ruppersberger,2,democrat,62.2,62.2,2,MD,192183,True
mcdonough-54651,mcdonoughp,Pat,,McDonough,Pat McDonough,1,republican,33.2,33.2,2,MD,102577,
kasprzak-65569,kasprzakk,Kristin,,Kasprzak,Kristin Kasprzak,3,libertarian,4.6,4.6,2,MD,14128,
sarbanes-51603,sarbanesj,John,True,Sarbanes,John Sarbanes,2,democrat,63.3,63.3,3,MD,214640,True
plaster-64787,plasterm,Mark,,Plaster,Mark Plaster,1,republican,33.9,33.9,3,MD,115048,
eze-65570,ezen,Nnabu,,Eze,Nnabu Eze,3,green,2.8,2.8,3,MD,9461,
brown-54705,browna,Anthony,,Brown,Anthony Brown,2,democrat,74.2,74.2,4,MD,237501,True
mcdermott-28197,mcdermottg,George,,McDermott,George McDermott,1,republican,21.5,21.5,4,MD,68670,
clark-65702,clarkk,Kamesha,,Clark,Kamesha Clark,4,green,2.6,2.6,4,MD,8204,
krause-65811,krauseb,Benjamin,,Krause,Benjamin Krause,3,libertarian,1.8,1.8,4,MD,5744,
hoyer-1061,hoyers,Steny,True,Hoyer,Steny H. Hoyer,2,democrat,67.5,67.5,5,MD,242989,True
arness-63871,arnessm,Mark,,Arness,Mark Arness,1,republican,29.4,29.4,5,MD,105931,
summers-65703,summersj,Jason,,Summers,Jason Summers,3,libertarian,3.1,3.1,5,MD,11078,
delaney-61562,delaneyj,John,True,Delaney,John Delaney,2,democrat,56.0,56.0,6,MD,185770,True
hoeber-64800,hoebera,Amie,,Hoeber,Amie Hoeber,1,republican,40.1,40.1,6,MD,133081,
howser-65571,howserd,David,,Howser,David Howser,3,libertarian,2.1,2.1,6,MD,6889,
gluck-62463,gluckg,George,,Gluck,George Gluck,4,green,1.8,1.8,6,MD,5824,
cummings-1064,cummingse,Elijah,True,Cummings,Elijah E. Cummings,2,democrat,75.1,75.1,7,MD,238838,True
vaughn-1949,vaughnc,Corrogan,,Vaughn,Corrogan Vaughn,1,republican,21.9,21.9,7,MD,69556,
hoenig-65812,hoenigm,Myles,,Hoenig,Myles Hoenig,3,green,3.1,3.1,7,MD,9715,
raskin-64804,raskinj,Jamie,,Raskin,Jamie Raskin,2,democrat,60.7,60.7,8,MD,220657,True
cox-64816,coxd,Dan,,Cox,Dan Cox,1,republican,34.3,34.3,8,MD,124651,
wallace-65573,wallacen,Nancy,,Wallace,Nancy Wallace,4,green,3.1,3.1,8,MD,11201,
wunder-65572,wunderj,Jasen,,Wunder,Jasen Wunder,3,libertarian,2.0,2.0,8,MD,7283,
pingree-59613,pingreec,Chellie,True,Pingree,Chellie Pingree,2,democrat,58.0,58.0,1,ME,227546,True
holbrook-65177,holbrookm,Mark,,Holbrook,Mark Holbrook,1,republican,42.0,42.0,1,ME,164569,
poliquin-60410,poliquinb,Bruce,True,Poliquin,Bruce Poliquin,2,republican,54.8,54.8,2,ME,192878,True
cain-63808,caine,Emily,,Cain,Emily Cain,1,democrat,45.2,45.2,2,ME,159081,
bergman-65336,bergmanj,Jack,,Bergman,Jack Bergman,1,republican,54.9,54.9,1,MI,197777,True
johnson-65344,johnsonl,Lon,,Johnson,Lon Johnson,2,democrat,40.1,40.1,1,MI,144334,
bostow-65675,bostowd,Diane,,Bostow,Diane Bostow,3,libertarian,3.7,3.7,1,MI,13386,
boal-61166,boale,Ellis,,Boal,Ellis Boal,4,green,1.3,1.3,1,MI,4774,
huizenga-55092,huizengab,Bill,True,Huizenga,Bill Huizenga,1,republican,62.6,62.6,2,MI,212508,True
murphy-65345,murphyd,Dennis,,Murphy,Dennis Murphy,2,democrat,32.5,32.5,2,MI,110391,
haas-23958,haase,Erwin,,Haas,Erwin Haas,3,libertarian,2.4,2.4,2,MI,8154,
brady-65676,bradym,Matthew,,Brady,Matthew Brady,5,green,1.6,1.6,2,MI,5353,
graeser-779,graeserr,Ronald,,Graeser,Ronald Graeser,4,us-taxpayers,0.9,0.9,2,MI,2904,
amash-61070,amashj,Justin,True,Amash,Justin Amash,1,republican,59.5,59.5,3,MI,203545,True
smith-65346,smithd,Douglas,,Smith,Douglas Smith,2,democrat,37.5,37.5,3,MI,128400,
gerrard-61172,gerrardt,Ted,,Gerrard,Ted Gerrard,3,us-taxpayers,3.0,3.0,3,MI,10420,
moolenaar-55100,moolenaarj,John,True,Moolenaar,John Moolenaar,1,republican,61.6,61.6,4,MI,194572,True
wirth-62357,wirthd,Debra,,Wirth,Debra Wirth,2,democrat,32.1,32.1,4,MI,101277,
schwartz-51960,schwartzl,Leonard,,Schwartz,Leonard Schwartz,3,libertarian,2.7,2.7,4,MI,8516,
zimmer-59817,zimmerg,George,,Zimmer,George Zimmer,4,us-taxpayers,1.8,1.8,4,MI,5595,
salvi-65678,salvij,Jordan,,Salvi,Jordan Salvi,5,green,1.3,1.3,4,MI,3953,
butkovich-65677,butkovichk,Keith,,Butkovich,Keith Butkovich,6,natural-law,0.6,0.6,4,MI,1838,
kildee-62406,kildeed,Daniel,True,Kildee,Dan Kildee,2,democrat,61.2,61.2,5,MI,195279,True
hardwick-64106,hardwicka,Al,,Hardwick,Al Hardwick,1,republican,35.1,35.1,5,MI,112102,
sluka-65679,slukas,Steve,,Sluka,Steve Sluka,3,libertarian,2.2,2.2,5,MI,7006,
mikkelson-786,mikkelsonh,Harley,,Mikkelson,Harley Mikkelson,4,green,1.5,1.5,5,MI,4904,
upton-788,uptonf,Fred,True,Upton,Fred Upton,1,republican,58.7,58.7,6,MI,193259,True
clements-64109,clementsp,Paul,,Clements,Paul Clements,2,democrat,36.4,36.4,6,MI,119980,
wenke-55065,wenkel,Lorence,,Wenke,Lorence Wenke,3,libertarian,4.9,4.9,6,MI,16248,
walberg-25659,walbergt,Tim,True,Walberg,Tim Walberg,1,republican,55.1,55.1,7,MI,184321,True
driskell-65337,driskellg,Gretchen,,Driskell,Gretchen Driskell,2,democrat,40.0,40.0,7,MI,134010,
proctor-790,proctork,Ken,,Proctor,Ken Proctor,3,libertarian,4.9,4.9,7,MI,16476,
bishop-23088,bishopm,Mike,True,Bishop,Mike Bishop,1,republican,56.0,56.0,8,MI,205629,True
shkreli-65801,shkrelis,Suzanna,,Shkreli,Suzanna Shkreli,2,democrat,39.2,39.2,8,MI,143791,
wood-52731,woodj,Jeff,,Wood,Jeff Wood,3,libertarian,2.6,2.6,8,MI,9619,
green-65680,greenm,Maria,,Green,Maria Green,4,green,1.5,1.5,8,MI,5679,
burgess-64480,burgessj,Jeremy,,Burgess,Jeremy Burgess,5,natural-law,0.6,0.6,8,MI,2250,
levin-802,levins,Sander,True,Levin,Sander M. Levin,2,democrat,57.9,57.9,9,MI,199661,True
morse-65339,morsec,Christopher,,Morse,Christopher Morse,1,republican,37.4,37.4,9,MI,128937,
orlando-65681,orlandom,Matthew,,Orlando,Matthew Orlando,3,libertarian,2.8,2.8,9,MI,9563,
mcdermott-64447,mcdermottj,John,,McDermott,John McDermott,4,green,1.9,1.9,9,MI,6614,
mitchell-64105,mitchellp,Paul,,Mitchell,Paul Mitchell,1,republican,63.1,63.1,10,MI,215132,True
accavitti-55044,accavittif,Frank,,Accavitti,Frank Accavitti,2,democrat,32.3,32.3,10,MI,110112,
gioia-65682,gioial,Lisa,,Gioia,Lisa Gioia,3,libertarian,3.1,3.1,10,MI,10612,
nofs-65683,nofsb,Benjamin,,Nofs,Benjamin Nofs,4,green,1.5,1.5,10,MI,5127,
trott-64115,trottd,Dave,True,Trott,Dave Trott,1,republican,52.9,52.9,11,MI,200872,True
kumar-64116,kumara,Anil,,Kumar,Anil Kumar,2,democrat,40.2,40.2,11,MI,152461,
bentivolio-62359,bentivoliok,Kerry,,Bentivolio,Kerry Bentivolio,4,independent,4.4,4.4,11,MI,16610,
osment-65689,osmentj,Jonathan,,Osment,Jonathan Osment,3,libertarian,2.5,2.5,11,MI,9545,
dingell-64120,dingelld,Debbie,True,Dingell,Debbie Dingell,2,democrat,64.3,64.3,12,MI,211378,True
jones-65350,jonesj,Jeff,,Jones,Jeff Jones,1,republican,29.3,29.3,12,MI,96104,
walkowicz-64450,walkowiczg,Gary,,Walkowicz,Gary Walkowicz,5,working-class,2.8,2.8,12,MI,9183,
bagwell-65690,bagwellt,Tom,,Bagwell,Tom Bagwell,3,libertarian,2.3,2.3,12,MI,7489,
calewarts-65691,calewartsd,Dylan,,Calewarts,Dylan Calewarts,4,green,1.3,1.3,12,MI,4377,
conyers-806,conyersj,John,True,Conyers,John Conyers Jr.,2,democrat,77.1,77.1,13,MI,198771,True
gorman-64121,gormanj,Jeff,,Gorman,Jeff Gorman,1,republican,15.7,15.7,13,MI,40541,
hayden-65692,haydent,Tiffany,,Hayden,Tiffany Hayden,3,libertarian,3.7,3.7,13,MI,9648,
johnson-64444,johnsons,Sam,,Johnson,Sam Johnson,4,working-class,3.4,3.4,13,MI,8835,
lawrence-62943,lawrenceb,Brenda,True,Lawrence,Brenda Lawrence,2,democrat,78.5,78.5,14,MI,244135,True
klausner-65342,klausnerh,Howard,,Klausner,Howard Klausner,1,republican,18.7,18.7,14,MI,58103,
creswell-23437,creswellg,Gregory,,Creswell,Gregory Creswell,3,libertarian,1.6,1.6,14,MI,4893,
squier-65693,squierm,Marcia,,Squier,Marcia Squier,4,green,1.2,1.2,14,MI,3843,
walz-51531,walzt,Tim,True,Walz,Tim Walz,2,democrat,50.4,50.4,1,MN,169074,True
hagedorn-63961,hagedornj,Jim,,Hagedorn,Jim Hagedorn,1,republican,49.6,49.6,1,MN,166526,
lewis-65484,lewisj,Jason,,Lewis,Jason Lewis,1,republican,47.0,47.0,2,MN,173970,True
craig-65481,craiga,Angie,,Craig,Angie Craig,2,democrat,45.2,45.2,2,MN,167315,
overby-63963,overbyp,Paula,,Overby,Paula Overby,3,independence,7.8,7.8,2,MN,28869,
paulsen-55233,paulsene,Erik,True,Paulsen,Erik Paulsen,1,republican,56.9,56.9,3,MN,223077,True
bonoff-65486,bonofft,Terri,,Bonoff,Terri Bonoff,2,democrat,43.1,43.1,3,MN,169243,
mccollum-989,mccollumb,Betty,True,McCollum,Betty McCollum,2,democrat,57.8,57.8,4,MN,203299,True
ryan-65488,ryang,Greg,,Ryan,Greg Ryan,1,republican,34.4,34.4,4,MN,121032,
pendergast-sindt-65496,pendergast_sindts,Susan,,Pendergast Sindt,Susan Pendergast Sindt,3,independent,7.7,7.7,4,MN,27152,
ellison-55265,ellisonk,Keith,True,Ellison,Keith Ellison,2,democrat,69.2,69.2,5,MN,249964,True
drake-65490,drakef,Frank,,Drake,Frank Drake,1,republican,22.3,22.3,5,MN,80660,
schuller-65541,schullerd,Dennis,,Schuller,Dennis Schuller,3,independent,8.5,8.5,5,MN,30759,
emmer-60721,emmert,Tom,True,Emmer,Tom Emmer,1,republican,65.7,65.7,6,MN,235380,True
snyder-65492,snyderd,David,,Snyder,David Snyder,2,democrat,34.3,34.3,6,MN,123008,
peterson-1333,petersonc,Collin,True,Peterson,Collin C. Peterson,2,democrat,52.5,52.5,7,MN,173589,True
hughes-65495,hughesd,Dave,,Hughes,Dave Hughes,1,republican,47.5,47.5,7,MN,156952,
nolan-62587,nolanr,Rick,True,Nolan,Rick Nolan,2,democrat,50.3,50.3,8,MN,179098,True
mills-63971,millss,Stewart,,Mills,Stewart Mills,1,republican,49.7,49.7,8,MN,177089,
clay-1337,clayl,Lacy,True,Clay,William Lacy Clay,1,democrat,75.5,75.5,1,MO,236993,True
bailey-65386,baileys,Steven,,Bailey,Steven Bailey,2,republican,20.0,20.0,1,MO,62714,
cunningham-51610,cunninghamr,Robb,,Cunningham,Robb Cunningham,3,libertarian,4.6,4.6,1,MO,14317,
wagner-62594,wagnera,Ann,True,Wagner,Ann Wagner,2,republican,58.5,58.5,2,MO,241954,True
otto-65409,ottob,Bill,,Otto,Bill Otto,1,democrat,37.7,37.7,2,MO,155689,
higgins-1338,higginsj,Jim,,Higgins,Jim Higgins,3,libertarian,2.8,2.8,2,MO,11758,
arnold-65816,arnoldd,David,,Arnold,David Arnold,4,green,0.9,0.9,2,MO,3895,
luetkemeyer-55466,luetkemeyerb,Blaine,True,Luetkemeyer,Blaine Luetkemeyer,2,republican,67.8,67.8,3,MO,249865,True
miller-65410,millerk,Kevin,,Miller,Kevin Miller,1,democrat,27.9,27.9,3,MO,102891,
hogan-65388,hogand,Dan,,Hogan,Dan Hogan,3,libertarian,3.2,3.2,3,MO,11962,
simmons-65389,simmonsd,Doanita,,Simmons,Doanita Simmons,4,constitution,1.0,1.0,3,MO,3605,
hartzler-29019,hartzlerv,Vicky,True,Hartzler,Vicky Hartzler,2,republican,67.8,67.8,4,MO,225348,True
christensen-65390,christenseng,Gordon,,Christensen,Gordon Christensen,1,democrat,27.8,27.8,4,MO,92510,
bliss-65391,blissm,Mark,,Bliss,Mark Bliss,3,libertarian,4.3,4.3,4,MO,14376,
cleaver-50040,cleavere,Emanuel,True,Cleaver,Emanuel Cleaver II,1,democrat,58.8,58.8,5,MO,190766,True
turk-51614,turkj,Jacob,,Turk,Jacob Turk,2,republican,38.2,38.2,5,MO,123771,
welborn-64298,welbornr,Roy,,Welborn,Roy Welborn,3,libertarian,3.0,3.0,5,MO,9733,
graves-1342,gravess,Sam,True,Graves,Sam Graves,2,republican,68.0,68.0,6,MO,238388,True
blackwell-65411,blackwelld,David,,Blackwell,David Blackwell,1,democrat,28.4,28.4,6,MO,99692,
monchil-62425,monchilr,Russ,,Monchil,Russ Monchil,3,libertarian,2.3,2.3,6,MO,8123,
diel-65817,dielm,Mike,,Diel,Mike Diel,4,green,1.2,1.2,6,MO,4241,
long-61089,longb,Billy,True,Long,Billy Long,2,republican,67.5,67.5,7,MO,228692,True
williams-64303,williamsg,Genevieve,,Williams,Genevieve Williams,1,democrat,27.4,27.4,7,MO,92756,
brixey-65402,brixeyb,Benjamin,,Brixey,Benjamin Brixey,3,libertarian,5.1,5.1,7,MO,17153,
smith-62802,smithj,Jason,True,Smith,Jason Smith,2,republican,74.4,74.4,8,MO,229792,True
cowell-65403,cowelld,Dave,,Cowell,Dave Cowell,1,democrat,22.7,22.7,8,MO,70009,
shell-65405,shellj,Jonathan,,Shell,Jonathan Shell,3,libertarian,2.9,2.9,8,MO,9070,
kelly-64498,kellyt,Trent,True,Kelly,Trent Kelly,1,republican,68.7,68.7,1,MS,206455,True
owens-64682,owensj,Jacob,,Owens,Jacob Owens,2,democrat,27.9,27.9,1,MS,83947,
wilson-65501,wilsonc,Chase,,Wilson,Chase Wilson,4,libertarian,2.1,2.1,1,MS,6181,
toole-64537,toolec,Cathy,,Toole,Cathy Toole,3,reform,1.3,1.3,1,MS,3840,
thompson-1335,thompsonb,Bennie,True,Thompson,Bennie Thompson,2,democrat,67.1,67.1,2,MS,192343,True
bouie-64684,bouiej,John,,Bouie,John Bouie,1,republican,29.1,29.1,2,MS,83542,
ray-64225,rayt,Troy,,Ray,Troy Ray,4,independent,2.4,2.4,2,MS,6918,
mcleod-65502,mcleodj,Johnny,,McLeod,Johnny McLeod,3,reform,1.3,1.3,2,MS,3823,
harper-57825,harperg,Gregg,True,Harper,Gregg Harper,1,republican,66.2,66.2,3,MS,209490,True
quinn-63543,quinnd,Dennis,,Quinn,Dennis Quinn,2,democrat,30.4,30.4,3,MS,96101,
gerrard-64227,gerrardr,Roger,,Gerrard,Roger Gerrard,3,veterans-party-of-america,2.7,2.7,3,MS,8696,
sheets-65503,sheetsl,Lajena,,Sheets,Lajena Sheets,4,reform,0.7,0.7,3,MS,2158,
palazzo-60439,palazzos,Steven,True,Palazzo,Steven M. Palazzo,2,republican,65.0,65.0,4,MS,181323,True
gladney-64686,gladneym,Mark,,Gladney,Mark Gladney,1,democrat,27.8,27.8,4,MS,77505,
mccluskey-65504,mccluskeyr,Richard,,McCluskey,Richard McCluskey,3,libertarian,5.3,5.3,4,MS,14687,
ohara-28217,oharas,Shawn,,O'Hara,Shawn O'Hara,4,reform,1.9,1.9,4,MS,5264,
zinke-63730,zinker,Ryan,True,Zinke,Ryan Zinke,2,republican,56.2,56.2,1,MT,285358,True
juneau-65129,juneaud,Denise,,Juneau,Denise Juneau,1,democrat,40.5,40.5,1,MT,205919,
breckenridge-65829,breckenridger,Rick,,Breckenridge,Rick Breckenridge,3,libertarian,3.3,3.3,1,MT,16554,
butterfield-34352,butterfieldg,G.K.,True,Butterfield,G.K. Butterfield,2,democrat,68.6,68.6,1,NC,240661,True
dew-64971,dewh,H. Powell,,Dew,H. Powell Dew,1,republican,29.0,29.0,1,NC,101567,
summerell-65331,summerellj,J.J.,,Summerell,J.J. Summerell,3,libertarian,2.4,2.4,1,NC,8471,
holding-61779,holdingg,George,True,Holding,George Holding,1,republican,56.7,56.7,2,NC,221485,True
mcneil-64748,mcneilj,John,,McNeil,John McNeil,2,democrat,43.3,43.3,2,NC,169082,
jones-1362,jonesw,Walter,True,Jones,Walter B. Jones,1,republican,67.2,67.2,3,NC,217531,True
reeves-63303,reevese,Ernest,,Reeves,Ernest Reeves,2,democrat,32.8,32.8,3,NC,106170,
price-450,priced,David,True,Price,David E. Price,2,democrat,68.2,68.2,4,NC,279380,True
googe-64736,googes,Sue,,Googe,Sue Googe,1,republican,31.8,31.8,4,NC,130161,
foxx-1877,foxxv,Virginia,True,Foxx,Virginia Foxx,1,republican,58.4,58.4,5,NC,207625,True
brannon-63385,brannonj,Josh,,Brannon,Josh Brannon,2,democrat,41.6,41.6,5,NC,147887,
walker-63389,walkerm,Mark,True,Walker,Mark Walker,1,republican,59.2,59.2,6,NC,207983,True
glidewell-64739,glidewellp,Pete,,Glidewell,Pete Glidewell,2,democrat,40.8,40.8,6,NC,143167,
rouzer-35605,rouzerd,David,True,Rouzer,David Rouzer,1,republican,60.9,60.9,7,NC,211801,True
casteen-63398,casteenj,J. Wesley,,Casteen,J. Wesley Casteen,2,democrat,39.1,39.1,7,NC,135905,
hudson-61758,hudsonr,Richard,True,Hudson,Richard Hudson,1,republican,58.8,58.8,8,NC,189863,True
mills-64741,millst,Thomas,,Mills,Thomas Mills,2,democrat,41.2,41.2,8,NC,133182,
pittenger-56030,pittengerr,Robert,True,Pittenger,Robert Pittenger,1,republican,58.2,58.2,9,NC,193452,True
cano-64742,canoc,Christian,,Cano,Christian Cano,2,democrat,41.8,41.8,9,NC,139041,
mchenry-35265,mchenryp,Patrick,True,McHenry,Patrick T. McHenry,1,republican,63.1,63.1,10,NC,220825,True
millard-64744,millarda,Andy,,Millard,Andy Millard,2,democrat,36.9,36.9,10,NC,128919,
meadows-61773,meadowsm,Mark,True,Meadows,Mark Meadows,1,republican,64.1,64.1,11,NC,230405,True
bryson-64745,brysonr,Rick,,Bryson,Rick Bryson,2,democrat,35.9,35.9,11,NC,129103,
adams-55929,adamsa,Alma,True,Adams,Alma Adams,2,democrat,67.0,67.0,12,NC,234115,True
threatt-63409,threattl,Leon,,Threatt,Leon Threatt,1,republican,33.0,33.0,12,NC,115185,
budd-64970,buddt,Ted,,Budd,Ted Budd,1,republican,56.1,56.1,13,NC,199443,True
davis-63388,davisb,Bruce,,Davis,Bruce Davis,2,democrat,43.9,43.9,13,NC,156049,
cramer-62068,cramerk,Kevin,True,Cramer,Kevin Cramer,2,republican,69.2,69.2,1,ND,233980,True
iron-eyes-64940,iron_eyesc,Chase,,Iron Eyes,Chase Iron Eyes,1,democrat,23.8,23.8,1,ND,80377,
seaman-63832,seamanj,Jack,,Seaman,Jack Seaman,3,libertarian,7.0,7.0,1,ND,23528,
fortenberry-49989,fortenberryj,Jeff,True,Fortenberry,Jeff Fortenberry,1,republican,69.5,69.5,1,NE,189771,True
wik-64837,wikd,Daniel,,Wik,Daniel Wik,2,democrat,30.5,30.5,1,NE,83467,
bacon-64838,bacond,Don,,Bacon,Don Bacon,1,republican,48.9,48.9,2,NE,141066,True
ashford-63450,ashfordb,Brad,True,Ashford,Brad Ashford,2,democrat,47.7,47.7,2,NE,137602,
laird-59388,lairds,Steven,,Laird,Steven Laird,3,libertarian,3.3,3.3,2,NE,9640,
smith-30010,smitha,Adrian,True,Smith,Adrian Smith,1,republican,0.0,0.0,3,NE,0,True
shea-porter-53539,shea_porterc,Carol,,Shea-Porter,Carol Shea-Porter,5,democrat,44.3,44.3,1,NH,162080,True
guinta-61212,guintaf,Frank,True,Guinta,Frank C. Guinta,1,republican,43.0,43.0,1,NH,157176,
oconnor-65444,oconnors,Shawn,,O'Connor,Shawn O'Connor,4,independent,9.5,9.5,1,NH,34735,
kelly-62708,kellyb,Brendan,,Kelly,Brendan Kelly,2,independent,1.7,1.7,1,NH,6074,
lombardo-65447,lombardor,Robert,,Lombardo,Robert Lombardo,3,libertarian,1.5,1.5,1,NH,5507,
kuster-61213,kustera,Ann,True,Kuster,Ann McLane Kuster,2,democrat,49.8,49.8,2,NH,174371,True
lawrence-56432,lawrencej,Jim,,Lawrence,Jim Lawrence,3,republican,45.3,45.3,2,NH,158825,
babiarz-1072,babiarzj,John,,Babiarz,John Babiarz,1,independent,4.9,4.9,2,NH,17076,
norcross-63457,norcrossd,Donald,True,Norcross,Donald Norcross,1,democrat,60.0,60.0,1,NJ,183231,True
patterson-65128,pattersonb,Bob,,Patterson,Bob Patterson,2,republican,36.8,36.8,1,NJ,112388,
tomaszewski-63892,tomaszewskis,Scot,,Tomaszewski,Scot Tomaszewski,4,independent,1.8,1.8,1,NJ,5473,
sihr-65704,sihrw,William,,Sihr,William Sihr,5,libertarian,0.8,0.8,1,NJ,2410,
berman-63890,bermanm,Mike,,Berman,Mike Berman,3,independent,0.6,0.6,1,NJ,1971,
lobiondo-371,lobiondof,Frank,True,LoBiondo,Frank A. LoBiondo,2,republican,59.2,59.2,2,NJ,176338,True
cole-63458,coled,David,,Cole,David Cole,1,democrat,37.2,37.2,2,NJ,110838,
ordille-62573,ordillej,John,,Ordille,John Ordille,7,libertarian,1.3,1.3,2,NJ,3773,
keenan-65355,keenanj,James,,Keenan,James Keenan,6,independent,0.9,0.9,2,NJ,2653,
fenichel-31103,fenichels,Steven,,Fenichel,Steven Fenichel,4,independent,0.5,0.5,2,NJ,1574,
beechwood-65356,beechwoode,Eric,,Beechwood,Eric Beechwood,3,independent,0.5,0.5,2,NJ,1387,
franco-65354,francog,Gabriel,,Franco,Gabriel Franco,5,independent,0.4,0.4,2,NJ,1232,
macarthur-63460,macarthurt,Tom,True,MacArthur,Tom MacArthur,2,republican,59.3,59.3,3,NJ,194596,True
lavergne-62575,lavergnef,Frederick,,LaVergne,Frederick LaVergne,1,democrat,38.9,38.9,3,NJ,127526,
berlinski-65357,berlinskil,Lawrence,,Berlinski,Lawrence Berlinski,3,constitution,1.8,1.8,3,NJ,5938,
smith-1352,smithc,Chris,True,Smith,Christopher H. Smith,2,republican,63.7,63.7,4,NJ,211992,True
phillipson-65114,phillipsonl,Lorna,,Phillipson,Lorna Phillipson,1,democrat,33.5,33.5,4,NJ,111532,
schroeder-63128,schroederh,Hank,,Schroeder,Hank Schroeder,4,independent,1.8,1.8,4,NJ,5840,
marcus-65359,marcusj,Jeremy,,Marcus,Jeremy Marcus,3,libertarian,1.0,1.0,4,NJ,3320,
gottheimer-65116,gottheimerj,Joshua,,Gottheimer,Joshua Gottheimer,1,democrat,51.1,51.1,5,NJ,172587,True
garrett-556,garretts,Scott,True,Garrett,Scott Garrett,2,republican,46.7,46.7,5,NJ,157690,
belusic-65362,belusicc,Claudio,,Belusic,Claudio Belusic,3,libertarian,2.2,2.2,5,NJ,7424,
pallone-375,pallonef,Frank,True,Pallone,Frank Pallone Jr.,1,democrat,63.7,63.7,6,NJ,167895,True
sonnek-schmelz-65126,sonnek_schmelzb,Brent,,Sonnek-Schmelz,Brent Sonnek-Schmelz,2,republican,34.9,34.9,6,NJ,91908,
malliah-65363,malliahr,Rajit,,Malliah,Rajit Malliah,3,green,0.7,0.7,6,NJ,1912,
shamy-65364,shamyj,Judith,,Shamy,Judith Shamy,4,libertarian,0.7,0.7,6,NJ,1720,
lance-56743,lancel,Leonard,True,Lance,Leonard Lance,2,republican,54.1,54.1,7,NJ,185850,True
jacob-65118,jacobp,Peter,,Jacob,Peter Jacob,1,democrat,43.1,43.1,7,NJ,148188,
oneill-65372,oneilld,Dan,,O'Neill,Dan O'Neill,4,libertarian,1.6,1.6,7,NJ,5343,
haussmann-65365,haussmanna,Arthur,,Haussmann,Arthur Haussmann,3,independent,1.2,1.2,7,NJ,4254,
sires-56705,siresa,Albio,True,Sires,Albio Sires,1,democrat,77.0,77.0,8,NJ,134733,True
khan-65119,khana,Agha,,Khan,Agha Khan,2,republican,18.5,18.5,8,NJ,32337,
olivera-62581,oliverap,Pablo,,Olivera,Pablo Olivera,4,independent,2.5,2.5,8,NJ,4381,
delaney-65366,delaneyd,Dan,,Delaney,Dan Delaney,3,libertarian,2.0,2.0,8,NJ,3438,
pascrell-378,pascrellb,Bill,True,Pascrell,Bill Pascrell Jr.,1,democrat,69.7,69.7,9,NJ,162642,True
castillo-51418,castilloh,Hector,,Castillo,Hector Castillo,2,republican,28.0,28.0,9,NJ,65376,
rivera-65367,riverad,Diego,,Rivera,Diego Rivera,4,libertarian,1.4,1.4,9,NJ,3327,
boss-59593,bossj,Jeff,,Boss,Jeff Boss,3,independent,0.8,0.8,9,NJ,1897,
payne-jr-382,payne_jrd,Donald,True,Payne Jr.,Donald M. Payne Jr.,1,democrat,85.7,85.7,10,NJ,190856,True
pinckney-65121,pinckneyd,David,,Pinckney,David Pinckney,2,republican,11.9,11.9,10,NJ,26450,
miller-60459,millerj,Joanne,,Miller,Joanne Miller,4,independent,1.7,1.7,10,NJ,3719,
fraser-63470,frasera,Aaron,,Fraser,Aaron Fraser,3,independent,0.8,0.8,10,NJ,1746,
frelinghuysen-384,frelinghuysenr,Rodney,True,Frelinghuysen,Rodney Frelinghuysen,2,republican,58.0,58.0,11,NJ,194299,True
wenzel-65123,wenzelj,Joseph,,Wenzel,Joseph Wenzel,1,democrat,38.9,38.9,11,NJ,130162,
depasquale-65368,depasqualet,Thomas,,Depasquale,Thomas Depasquale,3,independent,2.1,2.1,11,NJ,7056,
hetrick-65369,hetrickj,Jeff,,Hetrick,Jeff Hetrick,4,libertarian,1.0,1.0,11,NJ,3475,
watson-coleman-31050,watson_colemanb,Bonnie,True,Watson Coleman,Bonnie Watson Coleman,1,democrat,62.9,62.9,12,NJ,181430,True
uccio-65124,uccios,Steven,,Uccio,Steven Uccio,2,republican,32.0,32.0,12,NJ,92407,
forchion-51190,forchione,Edward,,Forchion,Edward Forchion,5,independent,2.1,2.1,12,NJ,6094,
shapiro-62576,shapiror,Robert,,Shapiro,Robert Shapiro,6,independent,1.0,1.0,12,NJ,2775,
fitzpatrick-65371,fitzpatrickt,Thomas,,Fitzpatrick,Thomas Fitzpatrick,4,libertarian,0.9,0.9,12,NJ,2482,
welzer-58874,welzers,Steven,,Welzer,Steven Welzer,7,green,0.7,0.7,12,NJ,2135,
bollentin-65370,bollentinm,Michael,,Bollentin,Michael Bollentin,3,independent,0.5,0.5,12,NJ,1311,
lujan-grisham-59726,lujan_grishamm,Michelle,True,Lujan Grisham,Michelle Lujan Grisham,2,democrat,65.1,65.1,1,NM,181088,True
priem-63675,priemr,Richard,,Priem,Richard Priem,1,republican,34.9,34.9,1,NM,96879,
pearce-31918,pearces,Steve,True,Pearce,Steve Pearce,1,republican,62.7,62.7,2,NM,143515,True
soules-64932,soulesm,Merrie Lee,,Soules,Merrie Lee Soules,2,democrat,37.3,37.3,2,NM,85232,
lujan-56805,lujanb,Ben Ray,True,Lujan,Ben Ray Luján,2,democrat,62.4,62.4,3,NM,170612,True
romero-64934,romerom,Michael,,Romero,Michael Romero,1,republican,37.6,37.6,3,NM,102730,
titus-30878,titusd,Dina,True,Titus,Dina Titus,4,democrat,61.9,61.9,1,NV,116537,True
perry-65158,perrym,Mary,,Perry,Mary Perry,3,republican,28.8,28.8,1,NV,54174,
dsilva-65517,dsilvar,Reuben,,D'Silva,Reuben D'Silva,2,no-party-designation,7.4,7.4,1,NV,13897,
bakari-64033,bakarik,Kamau,,Bakari,Kamau Bakari,1,independent-american,2.0,2.0,1,NV,3744,
amodei-56930,amodeim,Mark,True,Amodei,Mark Amodei,1,republican,58.3,58.3,2,NV,182676,True
evans-65159,evansc,Chip,,Evans,Chip Evans,2,democrat,36.9,36.9,2,NV,115722,
everhart-59547,everhartj,John,,Everhart,John Everhart,3,independent-american,2.8,2.8,2,NV,8693,
knight-65519,knightd,Drew,,Knight,Drew Knight,4,no-party-designation,2.0,2.0,2,NV,6245,
rosen-65163,rosenj,Jacky,,Rosen,Jacky Rosen,3,democrat,47.2,47.2,3,NV,146869,True
tarkanian-60365,tarkaniand,Danny,,Tarkanian,Danny Tarkanian,4,republican,46.0,46.0,3,NV,142926,
markowitz-65516,markowitzw,Warren,,Markowitz,Warren Markowitz,2,independent-american,3.7,3.7,3,NV,11602,
goossen-64034,goossend,David,,Goossen,David Goossen,1,no-party-designation,3.1,3.1,3,NV,9566,
kihuen-65173,kihuenr,Ruben,,Kihuen,Ruben Kihuen,3,democrat,48.5,48.5,4,NV,128985,True
hardy-63776,hardyc,Cresent,True,Hardy,Cresent Hardy,2,republican,44.5,44.5,4,NV,118328,
brown-62080,browns,Steve,,Brown,Steve Brown,1,libertarian,3.8,3.8,4,NV,10206,
little-64369,littlem,Mike,,Little,Mike Little,4,independent-american,3.1,3.1,4,NV,8327,
zeldin-59740,zeldinl,Lee,True,Zeldin,Lee Zeldin,2,republican,58.2,58.2,1,NY,188499,True
throne-holst-65237,throne_holsta,Anna,,Throne-Holst,Anna Throne-Holst,1,democrat,41.8,41.8,1,NY,135278,
king-1514,kingp,Peter,True,King,Peter T. King,2,republican,62.1,62.1,2,NY,181506,True
gregory-65206,gregoryd,DuWayne,,Gregory,DuWayne Gregory,1,democrat,37.9,37.9,2,NY,110938,
suozzi-33896,suozzit,Thomas,,Suozzi,Thomas Suozzi,1,democrat,53.0,53.0,3,NY,171775,True
martins-59802,martinsj,Jack,,Martins,Jack Martins,2,republican,47.0,47.0,3,NY,152304,
rice-63736,ricek,Kathleen,True,Rice,Kathleen Rice,1,democrat,59.6,59.6,4,NY,186423,True
gurfein-65210,gurfeind,David,,Gurfein,David Gurfein,2,republican,40.4,40.4,4,NY,126438,
meeks-1521,meeksg,Gregory,True,Meeks,Gregory W. Meeks,1,democrat,85.5,85.5,5,NY,199815,True
oreilly-65239,oreillym,Michael,,O'Reilly,Michael O'Reilly,2,republican,13.0,13.0,5,NY,30312,
francois-65212,francoisf,Frank,,Francois,Frank Francois,4,green,1.5,1.5,5,NY,3587,
meng-62304,mengg,Grace,True,Meng,Grace Meng,1,democrat,72.1,72.1,6,NY,136506,True
maio-33246,maiod,Danniel,,Maio,Danniel Maio,2,republican,26.7,26.7,6,NY,50617,
bhatti-65830,bhattih,Haris,,Bhatti,Haris Bhatti,6,other,1.1,1.1,6,NY,2123,
velazquez-1535,velazquezn,Nydia,True,Velazquez,Nydia M. Velázquez,1,democrat,90.8,90.8,7,NY,172146,True
romaguera-33669,romagueraa,Allan,,Romaguera,Allan Romaguera,2,republican,9.2,9.2,7,NY,17478,
jeffries-33006,jeffriesh,Hakeem,True,Jeffries,Hakeem Jeffries,1,democrat,93.3,93.3,8,NY,214595,True
cavanagh-62310,cavanaghd,Daniel,,Cavanagh,Daniel Cavanagh,2,conservative,6.7,6.7,8,NY,15401,
clarke-32471,clarkey,Yvette,True,Clarke,Yvette D. Clarke,1,democrat,92.4,92.4,9,NY,214189,True
bellone-62308,bellonea,Alan,,Bellone,Alan Bellone,2,conservative,7.6,7.6,9,NY,17576,
nadler-1525,nadlerj,Jerrold,True,Nadler,Jerrold Nadler,1,democrat,78.1,78.1,10,NY,192371,True
rosenthal-65215,rosenthalp,Philip,,Rosenthal,Philip Rosenthal,2,republican,21.9,21.9,10,NY,53857,
donovan-32620,donovand,Dan,True,Donovan,Dan Donovan,2,republican,61.6,61.6,11,NY,142934,True
reichard-65216,reichardr,Richard,,Reichard,Richard Reichard,1,democrat,36.7,36.7,11,NY,85257,
bardel-1539,bardelh,Henry,,Bardel,Henry Bardel,4,green,1.7,1.7,11,NY,3906,
maloney-1541,maloneyc,Carolyn,True,Maloney,Carolyn B. Maloney,1,democrat,83.2,83.2,12,NY,244358,True
ardini-65218,ardinir,Robert,,Ardini,Robert Ardini,2,republican,16.8,16.8,12,NY,49398,
espaillat-57004,espaillata,Adriano,,Espaillat,Adriano Espaillat,1,democrat,88.8,88.8,13,NY,207194,True
evans-65242,evanst,Tony,,Evans,Tony Evans,2,republican,6.9,6.9,13,NY,16089,
vila-rivera-63745,vila_riverad,Daniel,,Vila Rivera,Daniel Vila Rivera,3,green,3.5,3.5,13,NY,8248,
fenstermaker-65822,fenstermakers,Scott,,Fenstermaker,Scott Fenstermaker,5,other,0.8,0.8,13,NY,1877,
crowley-1523,crowleyj,Joe,True,Crowley,Joseph Crowley,1,democrat,82.9,82.9,14,NY,147587,True
spotorno-65220,spotornof,Frank,,Spotorno,Frank Spotorno,2,republican,17.1,17.1,14,NY,30545,
serrano-1545,serranoj,Jose E.,True,Serrano,José E. Serrano,1,democrat,95.3,95.3,15,NY,165688,True
vega-65222,vegaa,Alejandro,,Vega,Alejandro Vega,2,republican,3.5,3.5,15,NY,6129,
ramirez-63748,ramireze,Eduardo,,Ramirez,Eduardo Ramirez,3,conservative,1.2,1.2,15,NY,2104,
engel-1547,engele,Eliot,True,Engel,Eliot L. Engel,1,democrat,94.7,94.7,16,NY,209857,True
lawrence-65674,lawrenced,Derickson,,Lawrence,Derickson Lawrence,4,other,5.3,5.3,16,NY,11825,
lowey-1551,loweyn,Nita,True,Lowey,Nita M. Lowey,1,democrat,0.0,0.0,17,NY,0,True
maloney-62318,maloneys,Sean Patrick,True,Maloney,Sean Patrick Maloney,1,democrat,55.6,55.6,18,NY,162060,True
oliva-65224,olivap,Phil,,Oliva,Phil Oliva,2,republican,44.4,44.4,18,NY,129369,
faso-32696,fasoj,John,,Faso,John Faso,2,republican,54.1,54.1,19,NY,166171,True
teachout-64351,teachoutz,Zephyr,,Teachout,Zephyr Teachout,1,democrat,45.9,45.9,19,NY,141224,
tonko-57037,tonkop,Paul,True,Tonko,Paul Tonko,1,democrat,67.9,67.9,20,NY,213021,True
vitollo-65228,vitolloj,Joe,,Vitollo,Joe Vitollo,2,republican,32.1,32.1,20,NY,100738,
stefanik-63754,stefanike,Elise,True,Stefanik,Elise Stefanik,2,republican,65.3,65.3,21,NY,177886,True
derrick-65229,derrickm,Mike,,Derrick,Mike Derrick,1,democrat,30.2,30.2,21,NY,82161,
funiciello-63755,funiciellom,Matthew,,Funiciello,Matthew Funiciello,4,green,4.6,4.6,21,NY,12452,
tenney-63809,tenneyc,Claudia,,Tenney,Claudia Tenney,2,republican,46.5,46.5,22,NY,129444,True
myers-65230,myersk,Kim,,Myers,Kim Myers,1,democrat,41.1,41.1,22,NY,114266,
babinec-65231,babinecm,Martin,,Babinec,Martin Babinec,5,reform,12.4,12.4,22,NY,34638,
reed-60935,reedt,Thomas,True,Reed,Thomas Reed,2,republican,57.6,57.6,23,NY,161050,True
plumb-65232,plumbj,John,,Plumb,John Plumb,1,democrat,42.4,42.4,23,NY,118584,
katko-63757,katkoj,John,True,Katko,John Katko,2,republican,60.6,60.6,24,NY,182761,True
deacon-65233,deaconc,Colleen,,Deacon,Colleen Deacon,1,democrat,39.4,39.4,24,NY,119040,
slaughter-1581,slaughterl,Louise,True,Slaughter,Louise M. Slaughter,1,democrat,56.2,56.2,25,NY,182950,True
assini-1835,assinim,Mark,,Assini,Mark Assini,2,republican,43.8,43.8,25,NY,142650,
higgins-32940,higginsb,Brian,True,Higgins,Brian Higgins,1,democrat,74.6,74.6,26,NY,215289,True
schratz-65235,schratzs,Shelly,,Schratz,Shelly Schratz,2,republican,25.4,25.4,26,NY,73377,
collins-62324,collinsc,Chris,True,Collins,Chris Collins,2,republican,67.2,67.2,27,NY,220885,True
kastenbaum-65236,kastenbaumd,Diana,,Kastenbaum,Diana Kastenbaum,1,democrat,32.8,32.8,27,NY,107832,
chabot-391,chabots,Steve,True,Chabot,Steve Chabot,1,republican,59.2,59.2,1,OH,210014,True
young-64689,youngm,Michele,,Young,Michele Young,2,democrat,40.8,40.8,1,OH,144644,
wenstrup-61892,wenstrupb,Brad,True,Wenstrup,Brad Wenstrup,2,republican,66.4,66.4,2,OH,221193,True
smith-36959,smithw,William,,Smith,William Smith,1,democrat,33.6,33.6,2,OH,111694,
beatty-57169,beattyj,Joyce,True,Beatty,Joyce Beatty,2,democrat,68.6,68.6,3,OH,199791,True
adams-36354,adamsj,John,,Adams,John Adams,1,republican,31.4,31.4,3,OH,91560,
jordan-57253,jordanj,Jim,True,Jordan,Jim Jordan,2,republican,68.0,68.0,4,OH,210227,True
garrett-63283,garrettj,Janet,,Garrett,Janet Garrett,1,democrat,32.0,32.0,4,OH,98981,
latta-57148,lattab,Bob,True,Latta,Bob Latta,1,republican,70.9,70.9,5,OH,244599,True
neu-64692,neuj,James,,Neu,James Neu,2,democrat,29.1,29.1,5,OH,100392,
johnson-60428,johnsonb,Bill,True,Johnson,Bill Johnson,1,republican,70.7,70.7,6,OH,213975,True
lorentz-64693,lorentzm,Michael,,Lorentz,Michael Lorentz,2,democrat,29.3,29.3,6,OH,88780,
gibbs-57239,gibbsb,Bob,True,Gibbs,Bob Gibbs,1,republican,64.0,64.0,7,OH,198221,True
rich-64694,richr,Roy,,Rich,Roy Rich,3,democrat,29.0,29.0,7,OH,89638,
phillip-65544,phillipd,Dan,,Phillip,Dan Phillip,2,independent,7.0,7.0,7,OH,21694,
davidson-64698,davidsonw,Warren,True,Davidson,Warren Davidson,1,republican,68.8,68.8,8,OH,223833,True
fought-65794,foughts,Steven,,Fought,Steven Fought,2,democrat,27.0,27.0,8,OH,87794,
hendricks-65827,hendricksd,Derrick,,Hendricks,Derrick Hendricks,3,green,4.3,4.3,8,OH,13879,
kaptur-405,kapturm,Marcy,True,Kaptur,Marcy Kaptur,1,democrat,68.7,68.7,9,OH,193966,True
larson-64706,larsond,Donald,,Larson,Donald Larson,2,republican,31.3,31.3,9,OH,88427,
turner-1376,turnerm,Mike,True,Turner,Michael R. Turner,3,republican,64.1,64.1,10,OH,215724,True
klepinger-63293,klepingerr,Robert,,Klepinger,Robert Klepinger,1,democrat,32.7,32.7,10,OH,109981,
mcmasters-62778,mcmasterst,Tom,,McMasters,Tom McMasters,2,independent,3.2,3.2,10,OH,10890,
fudge-59885,fudgem,Marcia,True,Fudge,Marcia L. Fudge,1,democrat,80.3,80.3,11,OH,242917,True
goldstein-64708,goldsteinb,Beverly,,Goldstein,Beverly Goldstein,2,republican,19.7,19.7,11,OH,59769,
tiberi-411,tiberip,Pat,True,Tiberi,Pat Tiberi,3,republican,66.6,66.6,12,OH,251266,True
albertson-64709,albertsone,Ed,,Albertson,Ed Albertson,1,democrat,29.8,29.8,12,OH,112638,
manchik-65545,manchikj,Joe,,Manchik,Joe Manchik,2,green,3.6,3.6,12,OH,13474,
ryan-1388,ryant,Tim,True,Ryan,Tim Ryan,2,democrat,67.7,67.7,13,OH,208610,True
morckel-64710,morckelr,Richard,,Morckel,Richard Morckel,1,republican,32.3,32.3,13,OH,99377,
joyce-62559,joyced,David,True,Joyce,David Joyce,1,republican,62.6,62.6,14,OH,219191,True
wager-63297,wagerm,Michael,,Wager,Michael Wager,2,democrat,37.4,37.4,14,OH,130907,
stivers-57257,stiverss,Steve,True,Stivers,Steve Stivers,1,republican,66.2,66.2,15,OH,222847,True
wharton-62783,whartons,Scott,,Wharton,Scott Wharton,2,democrat,33.8,33.8,15,OH,113960,
renacci-60314,renaccij,Jim,True,Renacci,James B. Rennaci,2,republican,65.3,65.3,16,OH,225794,True
mundy-64712,mundyk,Keith,,Mundy,Keith Mundy,1,democrat,34.7,34.7,16,OH,119830,
bridenstine-62234,bridenstinej,Jim,True,Bridenstine,Jim Bridenstine,1,republican,0.0,0.0,1,OK,0,True
mullin-62235,mullinm,Markwayne,True,Mullin,Markwayne Mullin,1,republican,70.6,70.6,2,OK,189839,True
harris-till-63822,harris_tillj,Joshua,,Harris-Till,Joshua Harris-Till,2,democrat,23.2,23.2,2,OK,62387,
mccarthy-65540,mccarthyj,John,,McCarthy,John McCarthy,3,independent,6.2,6.2,2,OK,16644,
lucas-1396,lucasf,Frank,True,Lucas,Frank D. Lucas,1,republican,78.3,78.3,3,OK,227525,True
robbins-59450,robbinsf,Frankie,,Robbins,Frankie Robbins,2,democrat,21.7,21.7,3,OK,63090,
cole-1398,colet,Tom,True,Cole,Tom Cole,1,republican,69.6,69.6,4,OK,204143,True
owen-64949,owenc,Christina,,Owen,Christina Owen,3,democrat,26.1,26.1,4,OK,76472,
white-65146,whites,Sevier,,White,Sevier White,2,libertarian,4.3,4.3,4,OK,12574,
russell-63829,russells,Steve,True,Russell,Steve Russell,1,republican,57.1,57.1,5,OK,160184,True
mcaffrey-64485,mcaffreya,Al,,McAffrey,Al McAffrey,3,democrat,36.8,36.8,5,OK,103273,
knight-64952,knightz,Zachary,,Knight,Zachary Knight,2,libertarian,6.1,6.1,5,OK,17113,
bonamici-61555,bonamicis,Suzanne,True,Bonamici,Suzanne Bonamici,2,democrat,59.7,59.7,1,OR,225391,True
heinrich-64921,heinrichb,Brian,,Heinrich,Brian Heinrich,1,republican,37.0,37.0,1,OR,139756,
sheahan-65803,sheahank,Kyle,,Sheahan,Kyle Sheahan,3,libertarian,3.2,3.2,1,OR,12257,
walden-481,waldeng,Greg,True,Walden,Greg Walden,1,republican,71.9,71.9,2,OR,272952,True
crary-4305,craryj,James,,Crary,James Crary,2,democrat,28.1,28.1,2,OR,106640,
blumenauer-482,blumenauere,Earl,True,Blumenauer,Earl Blumenauer,3,democrat,72.1,72.1,3,OR,274687,True
walker-64477,walkerd,David,,Walker,David Walker,2,independent-party,20.5,20.5,3,OR,78154,
delk-65825,delkd,David,,Delk,David Delk,1,progressive,7.3,7.3,3,OR,27978,
defazio-484,defaziop,Peter,True,DeFazio,Peter DeFazio,1,democrat,55.6,55.6,4,OR,220628,True
robinson-60612,robinsona,Art,,Robinson,Art Robinson,2,republican,39.7,39.7,4,OR,157743,
beilstein-59807,beilsteinm,Mike,,Beilstein,Mike Beilstein,3,pacific-green,3.1,3.1,4,OR,12194,
guthrie-65826,guthrieg,Gil,,Guthrie,Gil Guthrie,4,libertarian,1.6,1.6,4,OR,6527,
schrader-57501,schraderk,Kurt,True,Schrader,Kurt Schrader,2,democrat,53.6,53.6,5,OR,199505,True
willis-64926,willisc,Colm,,Willis,Colm Willis,1,republican,43.1,43.1,5,OR,160443,
sandnes-64919,sandnesm,Marvin,,Sandnes,Marvin Sandnes,3,pacific-green,3.4,3.4,5,OR,12542,
brady-237,bradyr,Robert,True,Brady,Robert A. Brady,1,democrat,82.2,82.2,1,PA,245791,True
williams-39803,williamsd,Deborah,,Williams,Deborah Williams,2,republican,17.8,17.8,1,PA,53219,
evans-49768,evansd,Dwight,,Evans,Dwight Evans,1,democrat,90.2,90.2,2,PA,322514,True
jones-64836,jonesj,James,,Jones,James Jones,2,republican,9.8,9.8,2,PA,35131,
kelly-60917,kellym,Mike,True,Kelly,Mike Kelly,1,republican,0.0,0.0,3,PA,0,True
perry-61618,perrys,Scott,True,Perry,Scott Perry,2,republican,66.1,66.1,4,PA,220628,True
burkholder-65332,burkholderj,Joshua,,Burkholder,Joshua Burkholder,1,democrat,33.9,33.9,4,PA,113372,
thompson-58283,thompsong,Glenn,True,Thompson,Glenn Thompson,2,republican,67.2,67.2,5,PA,206761,True
strano-taylor-63494,strano_taylork,Kerith,,Strano Taylor,Kerith Strano Taylor,1,democrat,32.8,32.8,5,PA,101082,
costello-63501,costellor,Ryan,True,Costello,Ryan A. Costello,2,republican,57.2,57.2,6,PA,207469,True
parrish-64821,parrishm,Mike,,Parrish,Mike Parrish,1,democrat,42.8,42.8,6,PA,155000,
meehan-60432,meehanp,Patrick,True,Meehan,Patrick Meehan,2,republican,59.5,59.5,7,PA,225678,True
balchunis-63502,balchunism,Mary Ellen,,Balchunis,Mary Ellen Balchunis,1,democrat,40.5,40.5,7,PA,153824,
fitzpatrick-64827,fitzpatrickb,Brian,,Fitzpatrick,Brian Fitzpatrick,2,republican,54.4,54.4,8,PA,207263,True
santarsiero-64824,santarsieros,Steve,,Santarsiero,Steve Santarsiero,1,democrat,45.6,45.6,8,PA,173555,
shuster-249,shusterb,Bill,True,Shuster,Bill Shuster,2,republican,63.3,63.3,9,PA,186580,True
halvorson-63507,halvorsona,Art,,Halvorson,Art Halvorson,1,democrat,36.7,36.7,9,PA,107985,
marino-60542,marinot,Tom,True,Marino,Tom Marino,2,republican,70.2,70.2,10,PA,211282,True
molesevich-65575,molesevichm,Michael,,Molesevich,Michael Molesevich,1,democrat,29.8,29.8,10,PA,89823,
barletta-252,barlettal,Lou,True,Barletta,Lou Barletta,2,republican,63.7,63.7,11,PA,199421,True
marsicano-64828,marsicanom,Mike,,Marsicano,Mike Marsicano,1,democrat,36.3,36.3,11,PA,113800,
rothfus-60544,rothfusk,Keith,True,Rothfus,Keith Rothfus,2,republican,61.8,61.8,12,PA,221851,True
mcclelland-63511,mcclellande,Erin,,McClelland,Erin McClelland,1,democrat,38.2,38.2,12,PA,137353,
boyle-63512,boyleb,Brendan,True,Boyle,Brendan F. Boyle,1,democrat,0.0,0.0,13,PA,0,True
doyle-255,doylem,Mike,True,Doyle,Mike Doyle,1,democrat,74.4,74.4,14,PA,255293,True
mcallister-62750,mcallisterl,Lenny,,McAllister,Lenny McAllister,2,republican,25.6,25.6,14,PA,87999,
dent-1865,dentc,Charles,True,Dent,Charlie Dent,2,republican,58.4,58.4,15,PA,190618,True
daugherty-61608,daughertyr,Rick,,Daugherty,Rick Daugherty,1,democrat,38.0,38.0,15,PA,124129,
rizzo-65799,rizzop,Paul,,Rizzo,Paul Rizzo,3,libertarian,3.6,3.6,15,PA,11727,
smucker-64833,smuckerl,Lloyd,,Smucker,Lloyd Smucker,2,republican,53.8,53.8,16,PA,168669,True
hartman-64830,hartmanc,Christina,,Hartman,Christina Hartman,1,democrat,42.9,42.9,16,PA,134586,
house-65706,houses,Shawn,,House,Shawn House,3,libertarian,3.4,3.4,16,PA,10518,
cartwright-61612,cartwrightm,Matt,True,Cartwright,Matt Cartwright,1,democrat,53.8,53.8,17,PA,157734,True
connolly-63518,connollym,Matt,,Connolly,Matt Connolly,2,republican,46.2,46.2,17,PA,135430,
murphy-261,murphyt,Tim,True,Murphy,Tim Murphy,1,republican,0.0,0.0,18,PA,0,True
cicilline-39864,cicillined,David,True,Cicilline,David Cicilline,2,democrat,64.8,64.8,1,RI,130540,True
taub-65450,taubr,Russell,,Taub,Russell Taub,1,republican,35.2,35.2,1,RI,71023,
langevin-967,langevinj,Jim,True,Langevin,Jim Langevin,2,democrat,58.2,58.2,2,RI,133108,True
reis-63918,reisr,Rhue,,Reis,Rhue Reis,1,republican,30.8,30.8,2,RI,70301,
johnson-65452,johnsonj,Jeffrey,,Johnson,Jeffrey Johnson,4,independent,7.1,7.1,2,RI,16253,
caiozzo-65451,caiozzos,Salvatore,,Caiozzo,Salvatore Caiozzo,3,independent,3.9,3.9,2,RI,8942,
sanford-600,sanfordm,Mark,True,Sanford,Mark Sanford,4,republican,58.7,58.7,1,SC,190410,True
cherny-65134,chernyd,Dimitri,,Cherny,Dimitri Cherny,1,democrat,36.9,36.9,1,SC,119779,
grier-65507,grierm,Michael,,Grier,Michael Grier,6,libertarian,3.6,3.6,1,SC,11614,
travison-65508,travisona,Albert,,Travison,Albert Travison,5,american-party,0.9,0.9,1,SC,2774,
wilson-1410,wilsonj,Joe,True,Wilson,Joe Wilson,3,republican,60.3,60.3,2,SC,183746,True
bjorn-65136,bjorna,Arik,,Bjorn,Arik Bjorn,1,democrat,35.9,35.9,2,SC,109452,
mccain-60678,mccaine,Eddie,,McCain,Eddie McCain,4,american-party,3.8,3.8,2,SC,11444,
duncan-57891,duncanj,Jeff,True,Duncan,Jeff Duncan,2,republican,72.9,72.9,3,SC,198431,True
cleveland-63787,clevelandh,Hosea,,Cleveland,Hosea Cleveland,1,democrat,27.1,27.1,3,SC,73766,
gowdy-60681,gowdyt,Trey,True,Gowdy,Trey Gowdy,3,republican,67.2,67.2,4,SC,198648,True
fedalei-65137,fedaleic,Chris,,Fedalei,Chris Fedalei,1,democrat,31.0,31.0,4,SC,91676,
chandler-65512,chandlerm,Michael,,Chandler,Michael Chandler,2,constitution,1.7,1.7,4,SC,5103,
mulvaney-60619,mulvaneym,Mick,True,Mulvaney,Mick Mulvaney,2,republican,59.1,59.1,5,SC,175909,True
person-65138,personf,Fran,,Person,Fran Person,1,democrat,38.8,38.8,5,SC,115437,
barnes-65509,barnesr,Rudy,,Barnes,Rudy Barnes,3,american-party,2.1,2.1,5,SC,6239,
clyburn-1414,clyburnj,Jim,True,Clyburn,James E. Clyburn,1,democrat,70.1,70.1,6,SC,177947,True
sterling-65140,sterlingl,Laura,,Sterling,Laura Sterling,3,republican,27.6,27.6,6,SC,70099,
piotrowski-65513,piotrowskir,Rich,,Piotrowski,Rich Piotrowski,4,libertarian,1.2,1.2,6,SC,3131,
mallory-65510,malloryp,Prince,,Mallory,Prince Mallory,2,green,1.0,1.0,6,SC,2499,
rice-62109,ricet,Tom,True,Rice,Tom Rice,4,republican,61.0,61.0,7,SC,176468,True
hyman-65141,hymanm,Mal,,Hyman,Mal Hyman,1,democrat,39.0,39.0,7,SC,112744,
noem-60394,noemk,Kristi,True,Noem,Kristi Noem,1,republican,64.1,64.1,1,SD,237163,True
hawks-64906,hawksp,Paula,,Hawks,Paula Hawks,2,democrat,35.9,35.9,1,SD,132810,
roe-59572,roep,Phil,True,Roe,Phil Roe,1,republican,78.4,78.4,1,TN,198293,True
bohms-65319,bohmsa,Alan,,Bohms,Alan Bohms,2,democrat,15.4,15.4,1,TN,39024,
franklin-64265,franklinr,Robert,,Franklin,Robert Franklin,3,independent,6.2,6.2,1,TN,15702,
duncan-665,duncanj,John,True,Duncan,John J. Duncan Jr.,1,republican,75.6,75.6,2,TN,212455,True
starr-65320,starrs,Stuart,,Starr,Stuart Starr,2,democrat,24.4,24.4,2,TN,68401,
fleischmann-60964,fleischmannc,Chuck,True,Fleischmann,Chuck Fleischmann,1,republican,66.4,66.4,3,TN,176613,True
shekari-65255,shekarim,Melody,,Shekari,Melody Shekari,2,democrat,28.8,28.8,3,TN,76727,
tyler-64243,tylerr,Rick,,Tyler,Rick Tyler,5,independent,1.9,1.9,3,TN,5098,
mitchell-64390,mitchellc,Cassandra,,Mitchell,Cassandra Mitchell,4,independent,1.9,1.9,3,TN,5075,
kersting-65804,kerstingt,Topher,,Kersting,Topher Kersting,3,independent,0.9,0.9,3,TN,2493,
desjarlais-61091,desjarlaiss,Scott,True,DesJarlais,Scott DesJarlais,1,republican,65.0,65.0,4,TN,165796,True
reynolds-65321,reynoldss,Steven,,Reynolds,Steven Reynolds,2,democrat,35.0,35.0,4,TN,89141,
cooper-676,cooperj,Jim,True,Cooper,Jim Cooper,2,democrat,62.6,62.6,5,TN,171111,True
snyder-65252,snyders,Stacy,,Snyder,Stacy Snyder,1,republican,37.4,37.4,5,TN,102433,
black-58195,blackd,Diane,True,Black,Diane Black,1,republican,71.1,71.1,6,TN,202234,True
kent-65257,kentd,David,,Kent,David Kent,2,democrat,21.8,21.8,6,TN,61995,
ross-65807,rossd,David,,Ross,David Ross,3,independent,7.1,7.1,6,TN,20261,
blackburn-682,blackburnm,Marsha,True,Blackburn,Marsha Blackburn,1,republican,72.2,72.2,7,TN,200407,True
chandler-65322,chandlert,Tharon,,Chandler,Tharon Chandler,2,democrat,23.5,23.5,7,TN,65226,
ladner-59567,ladnerl,Leonard,,Ladner,Leonard Ladner,3,independent,4.3,4.3,7,TN,11880,
kustoff-65268,kustoffd,David,,Kustoff,David Kustoff,1,republican,68.8,68.8,8,TN,194386,True
hobson-64201,hobsonr,Rickey,,Hobson,Rickey Hobson,2,democrat,25.1,25.1,8,TN,70925,
godwin-65805,godwins,Shelia,,Godwin,Shelia Godwin,3,independent,2.3,2.3,8,TN,6442,
hart-1431,hartj,James,,Hart,James Hart,4,independent,1.4,1.4,8,TN,4057,
montague-65806,montaguea,Adrian,,Montague,Adrian Montague,5,independent,0.9,0.9,8,TN,2497,
rawles-60985,rawlesm,Mark,,Rawles,Mark Rawles,6,independent,0.9,0.9,8,TN,2445,
talley-lane-65808,talley_lanek,Karen,,Talley-Lane,Karen Talley-Lane,7,independent,0.7,0.7,8,TN,1981,
cohen-41288,cohens,Steve,True,Cohen,Steve Cohen,2,democrat,78.7,78.7,9,TN,171631,True
alberson-64394,albersonw,Wayne,,Alberson,Wayne Alberson,1,republican,18.9,18.9,9,TN,41123,
cook-64396,cookp,Paul,,Cook,Paul Cook,3,independent,2.4,2.4,9,TN,5203,
gohmert-1883,gohmertl,Louie,True,Gohmert,Louie Gohmert,1,republican,73.9,73.9,1,TX,192434,True
mckellar-62024,mckellars,Shirley,,McKellar,Shirley McKellar,2,democrat,24.1,24.1,1,TX,62847,
gray-65546,grayp,Phil,,Gray,Phil Gray,3,libertarian,1.9,1.9,1,TX,5062,
poe-39046,poet,Ted,True,Poe,Ted Poe,1,republican,60.6,60.6,2,TX,168692,True
bryan-64592,bryanp,Pat,,Bryan,Pat Bryan,2,democrat,36.0,36.0,2,TX,100231,
veasaw-64003,veasawj,James,,Veasaw,James Veasaw,3,libertarian,2.3,2.3,2,TX,6429,
darr-65547,darrj,Joshua,,Darr,Joshua Darr,4,green,1.0,1.0,2,TX,2884,
johnson-270,johnsons,Sam,True,Johnson,Sam Johnson,1,republican,61.2,61.2,3,TX,193684,True
bell-64594,bella,Adam,,Bell,Adam Bell,2,democrat,34.6,34.6,3,TX,109420,
jameson-726,jamesons,Scott,,Jameson,Scott Jameson,3,libertarian,3.3,3.3,3,TX,10448,
blair-64004,blairp,Paul,,Blair,Paul Blair,4,green,0.9,0.9,3,TX,2915,
ratcliffe-63174,ratcliffej,John,True,Ratcliffe,John Ratcliffe,1,republican,88.0,88.0,4,TX,216643,True
wommack-65548,wommackc,Cody,,Wommack,Cody Wommack,2,libertarian,12.0,12.0,4,TX,29577,
hensarling-277,hensarlingj,Jeb,True,Hensarling,Jeb Hensarling,1,republican,80.6,80.6,5,TX,155469,True
ashby-333,ashbyk,Ken,,Ashby,Ken Ashby,2,libertarian,19.4,19.4,5,TX,37406,
barton-281,bartonj,Joe,True,Barton,Joe L. Barton,1,republican,58.3,58.3,6,TX,159444,True
woolridge-64599,woolridger,Ruby Faye,,Woolridge,Ruby Faye Woolridge,2,democrat,39.0,39.0,6,TX,106667,
smith-65564,smithd,Darrel,,Smith,Darrel Smith,3,green,2.6,2.6,6,TX,7185,
culberson-284,culbersonj,John,True,Culberson,John Culberson,1,republican,56.2,56.2,7,TX,143542,True
cargas-61900,cargasj,James,,Cargas,James Cargas,2,democrat,43.8,43.8,7,TX,111991,
brady-287,bradyk,Kevin,True,Brady,Kevin Brady,1,republican,0.0,0.0,8,TX,0,True
green-37280,greena,Al,True,Green,Al Green,2,democrat,80.6,80.6,9,TX,152032,True
martin-64605,martinj,Jeff,,Martin,Jeff Martin,1,republican,19.4,19.4,9,TX,36491,
mccaul-38751,mccaulm,Michael,True,McCaul,Michael McCaul,1,republican,57.3,57.3,10,TX,179221,True
cadien-61904,cadient,Tawana,,Cadien,Tawana Cadien,2,democrat,38.4,38.4,10,TX,120170,
kelsey-64008,kelseyb,Bill,,Kelsey,Bill Kelsey,3,libertarian,4.2,4.2,10,TX,13209,
conaway-1860,conawaym,Mike,True,Conaway,Mike Conaway,1,republican,89.5,89.5,11,TX,201871,True
landholt-65549,landholtn,Nicholas,,Landholt,Nicholas Landholt,2,libertarian,10.5,10.5,11,TX,23677,
granger-296,grangerk,Kay,True,Granger,Kay Granger,1,republican,69.4,69.4,12,TX,196482,True
bradshaw-64607,bradshawb,Bill,,Bradshaw,Bill Bradshaw,2,democrat,26.9,26.9,12,TX,76029,
colliver-64010,collivere,Ed,,Colliver,Ed Colliver,3,libertarian,3.7,3.7,12,TX,10604,
thornberry-299,thornberrym,Mac,True,Thornberry,Mac Thornberry,1,republican,90.0,90.0,13,TX,199050,True
deweese-65565,deweesec,Calvin,,DeWeese,Calvin DeWeese,2,libertarian,6.7,6.7,13,TX,14725,
tomlinson-65550,tomlinsonr,Rusty,,Tomlinson,Rusty Tomlinson,3,green,3.4,3.4,13,TX,7467,
weber-61980,weberr,Randy,True,Weber,Randy Weber,1,republican,61.9,61.9,14,TX,160631,True
cole-62209,colem,Michael,,Cole,Michael Cole,2,democrat,38.1,38.1,14,TX,99054,
gonzalez-64608,gonzalezv,Vicente,,Gonzalez,Vicente Gonzalez,2,democrat,57.3,57.3,15,TX,101712,True
westley-64614,westleyt,Tim,,Westley,Tim Westley,1,republican,37.7,37.7,15,TX,66877,
tijerina-65551,tijerinav,Vanessa,,Tijerina,Vanessa Tijerina,4,green,3.1,3.1,15,TX,5448,
leone-57981,leoner,Ross,,Leone,Ross Leone,3,libertarian,1.9,1.9,15,TX,3442,
orourke-61921,orourkeb,Beto,True,O'Rourke,Beto O'Rourke,1,democrat,85.7,85.7,16,TX,150228,True
perez-64012,perezj,Jaime,,Perez,Jaime Perez,2,libertarian,10.0,10.0,16,TX,17491,
gourdoux-65552,gourdouxm,Mary,,Gourdoux,Mary Gourdoux,3,green,4.3,4.3,16,TX,7510,
flores-60215,floresb,Bill,True,Flores,Bill Flores,1,republican,60.8,60.8,17,TX,149417,True
matta-64615,mattaw,William,,Matta,William Matta,2,democrat,35.2,35.2,17,TX,86603,
patterson-62187,pattersonc,Clark,,Patterson,Clark Patterson,3,libertarian,4.0,4.0,17,TX,9708,
jackson-lee-312,jackson_lees,Sheila,True,Jackson Lee,Sheila Jackson Lee,2,democrat,73.5,73.5,18,TX,150157,True
bartley-64620,bartleyl,Lori,,Bartley,Lori Bartley,1,republican,23.6,23.6,18,TX,48306,
kleven-65553,klevent,Thomas,,Kleven,Thomas Kleven,3,green,2.9,2.9,18,TX,5845,
arrington-64621,arringtonj,Jodey,,Arrington,Jodey Arrington,1,republican,86.7,86.7,19,TX,176314,True
bonar-65554,bonart,Troy,,Bonar,Troy Bonar,2,libertarian,8.5,8.5,19,TX,17376,
lawson-65555,lawsonm,Mark,,Lawson,Mark Lawson,3,green,4.8,4.8,19,TX,9785,
castro-58407,castroj,Joaquin,True,Castro,Joaquin Castro,1,democrat,79.7,79.7,20,TX,149640,True
blunt-329,bluntj,Jeffrey,,Blunt,Jeffrey Blunt,2,libertarian,15.5,15.5,20,TX,29055,
pipkin-65556,pipkinp,Paul,,Pipkin,Paul Pipkin,3,green,4.8,4.8,20,TX,8974,
smith-321,smithl,Lamar,True,Smith,Lamar Smith,1,republican,57.0,57.0,21,TX,202967,True
wakely-64629,wakelyt,Tom,,Wakely,Tom Wakely,2,democrat,36.4,36.4,21,TX,129765,
loewe-65557,loewem,Mark,,Loewe,Mark Loewe,3,libertarian,4.1,4.1,21,TX,14735,
diaz-62216,diazt,Tony,,Diaz,Tony Diaz,4,green,2.4,2.4,21,TX,8564,
olson-58008,olsonp,Pete,True,Olson,Pete Olson,1,republican,59.5,59.5,22,TX,181864,True
gibson-63188,gibsonm,Mark,,Gibson,Mark Gibson,2,democrat,40.5,40.5,22,TX,123679,
hurd-61403,hurdw,Will,True,Hurd,Will Hurd,1,republican,48.3,48.3,23,TX,110577,True
gallego-42151,gallegop,Pete,,Gallego,Pete Gallego,2,democrat,47.0,47.0,23,TX,107526,
corvalan-64017,corvalanr,Ruben,,Corvalan,Ruben Corvalan,3,libertarian,4.7,4.7,23,TX,10862,
marchant-42752,marchantk,Kenny,True,Marchant,Kenny Marchant,1,republican,56.2,56.2,24,TX,154845,True
mcdowell-64635,mcdowellj,Jan,,McDowell,Jan McDowell,2,democrat,39.3,39.3,24,TX,108389,
kolls-64018,kollsm,Mike,,Kolls,Mike Kolls,3,libertarian,3.1,3.1,24,TX,8625,
mccormick-65558,mccormickk,Kevin,,McCormick,Kevin McCormick,4,green,1.4,1.4,24,TX,3776,
williams-62001,williamsr,Roger,True,Williams,Roger Williams,1,republican,58.3,58.3,25,TX,180988,True
thomas-64636,thomask,Kathi,,Thomas,Kathi Thomas,2,democrat,37.7,37.7,25,TX,117073,
schneiderman-65559,schneidermanl,Loren,,Schneiderman,Loren Schneiderman,3,libertarian,3.9,3.9,25,TX,12135,
burgess-1017,burgessm,Michael,True,Burgess,Michael C. Burgess,1,republican,66.4,66.4,26,TX,211730,True
mauck-64637,maucke,Eric,,Mauck,Eric Mauck,2,democrat,29.6,29.6,26,TX,94507,
boler-60291,bolerm,Mark,,Boler,Mark Boler,3,libertarian,4.0,4.0,26,TX,12843,
farenthold-60295,farentholdb,Blake,True,Farenthold,Blake Farenthold,1,republican,61.7,61.7,27,TX,142251,True
barrera-64640,barrerar,Roy,,Barrera,Roy Barrera,2,democrat,38.3,38.3,27,TX,88329,
cuellar-327,cuellarh,Henry,True,Cuellar,Henry Cuellar,2,democrat,66.2,66.2,28,TX,122086,True
hardin-64641,hardinz,Zeffen,,Hardin,Zeffen Hardin,1,republican,31.3,31.3,28,TX,57740,
cary-62219,carym,Michael,,Cary,Michael Cary,3,green,2.5,2.5,28,TX,4616,
green-348,greeng,Gene,True,Green,Gene Green,2,democrat,72.5,72.5,29,TX,95649,True
garza-64644,garzaj,Julio,,Garza,Julio Garza,1,republican,24.0,24.0,29,TX,31646,
perez-65560,perezr,Ruben,,Perez,Ruben Perez,3,libertarian,2.5,2.5,29,TX,3234,
partsch-galvan-43038,partsch_galvanj,James,,Partsch-Galvan,James Partsch-Galvan,4,green,1.1,1.1,29,TX,1453,
johnson-350,johnsone,Eddie Bernice,True,Johnson,Eddie Bernice Johnson,2,democrat,77.9,77.9,30,TX,170502,True
lingerfelt-64647,lingerfeltc,Charles,,Lingerfelt,Charles Lingerfelt,1,republican,19.0,19.0,30,TX,41518,
woods-58177,woodsj,Jarrett,,Woods,Jarrett Woods,3,libertarian,2.2,2.2,30,TX,4753,
prentice-65561,prenticet,Thom,,Prentice,Thom Prentice,4,green,0.9,0.9,30,TX,2053,
carter-1441,carterj,John,True,Carter,John Carter,1,republican,58.4,58.4,31,TX,166060,True
clark-64648,clarkm,Mike,,Clark,Mike Clark,2,democrat,36.5,36.5,31,TX,103852,
ballard-62193,ballards,Scott,,Ballard,Scott Ballard,3,libertarian,5.2,5.2,31,TX,14676,
sessions-358,sessionsp,Pete,True,Sessions,Pete Sessions,1,republican,71.1,71.1,32,TX,162868,True
rankin-62205,rankine,Ed,,Rankin,Ed Rankin,2,libertarian,19.0,19.0,32,TX,43490,
stuard-65562,stuardg,Gary,,Stuard,Gary Stuard,3,green,10.0,10.0,32,TX,22813,
veasey-61950,veaseym,Marc,True,Veasey,Marc Veasey,2,democrat,73.7,73.7,33,TX,93147,True
mitchell-42863,mitchellm,Mark,,Mitchell,Mark Mitchell,1,republican,26.3,26.3,33,TX,33222,
vela-61957,velaf,Filemon,True,Vela,Filemon Vela,2,democrat,62.7,62.7,34,TX,104638,True
gonzalez-64654,gonzalezr,Rey,,Gonzalez,Rey Gonzalez,1,republican,37.3,37.3,34,TX,62323,
doggett-292,doggettl,Lloyd,True,Doggett,Lloyd Doggett,2,democrat,63.1,63.1,35,TX,124612,True
narvaiz-62012,narvaizs,Susan,,Narvaiz,Susan Narvaiz,1,republican,31.6,31.6,35,TX,62384,
smith-40662,smithr,Rhett,,Smith,Rhett Smith,3,libertarian,3.3,3.3,35,TX,6504,
trimble-65563,trimbles,Scott,,Trimble,Scott Trimble,4,green,2.1,2.1,35,TX,4076,
babin-41484,babinb,Brian,True,Babin,Brian Babin,1,republican,88.6,88.6,36,TX,193675,True
ridley-64133,ridleyh,Hal,,Ridley,Hal Ridley,2,green,11.4,11.4,36,TX,24890,
bishop-618,bishopr,Rob,True,Bishop,Rob Bishop,1,republican,65.9,65.9,1,UT,182928,True
clemens-65197,clemensp,Peter,,Clemens,Peter Clemens,4,democrat,26.4,26.4,1,UT,73381,
bowden-63843,bowdenc,Craig,,Bowden,Craig Bowden,2,libertarian,5.9,5.9,1,UT,16296,
fairbanks-65198,fairbanksc,Chadwick,,Fairbanks,Chadwick Fairbanks,3,independent,1.7,1.7,1,UT,4850,
stewart-61890,stewartc,Chris,True,Stewart,Chris Stewart,1,republican,61.6,61.6,2,UT,170542,True
albarran-65199,albarranc,Charlene,,Albarran,Charlene Albarran,2,democrat,33.9,33.9,2,UT,93780,
mccollaum-65200,mccollaump,Paul,,McCollaum,Paul McCollaum,3,constitution,4.5,4.5,2,UT,12519,
chaffetz-59346,chaffetzj,Jason,True,Chaffetz,Jason Chaffetz,2,republican,73.5,73.5,3,UT,209589,True
tryon-63848,tryons,Stephen,,Tryon,Stephen Tryon,1,democrat,26.5,26.5,3,UT,75716,
love-62178,lovem,Mia,True,Love,Mia Love,3,republican,53.8,53.8,4,UT,147597,True
owens-63849,owensd,Doug,,Owens,Doug Owens,2,democrat,41.3,41.3,4,UT,113413,
simonsen-63851,simonsenc,Collin,,Simonsen,Collin Simonsen,1,constitution,4.9,4.9,4,UT,13559,
wittman-57798,wittmanr,Rob,True,Wittman,Rob Wittman,2,republican,60.0,60.0,1,VA,230213,True
rowe-65416,rowem,Matt,,Rowe,Matt Rowe,1,democrat,36.7,36.7,1,VA,140785,
parker-59800,parkerg,Gail,,Parker,Gail Parker,3,independent,3.4,3.4,1,VA,12866,
taylor-60321,taylors,Scott,,Taylor,Scott Taylor,2,republican,61.5,61.5,2,VA,190475,True
brown-65417,browns,Shaun,,Brown,Shaun Brown,1,democrat,38.5,38.5,2,VA,119440,
scott-1451,scottr,Robert,True,Scott,Robert C. Scott,1,democrat,66.9,66.9,3,VA,208337,True
williams-65418,williamsm,Marty,,Williams,Marty Williams,2,republican,33.1,33.1,3,VA,103289,
mceachin-45762,mceachind,Donald,,McEachin,Donald McEachin,2,democrat,57.9,57.9,4,VA,200136,True
wade-64936,wadem,Michael,,Wade,Michael Wade,1,republican,42.1,42.1,4,VA,145731,
garrett-65420,garrettt,Tom,,Garrett,Tom Garrett,2,republican,58.3,58.3,5,VA,207758,True
dittmar-65419,dittmarj,Jane,,Dittmar,Jane Dittmar,1,democrat,41.7,41.7,5,VA,148339,
goodlatte-714,goodlatter,Robert,True,Goodlatte,Robert W. Goodlatte,2,republican,66.8,66.8,6,VA,225471,True
degner-65421,degnerk,Kai,,Degner,Kai Degner,1,democrat,33.2,33.2,6,VA,112170,
brat-63800,bratd,Dave,True,Brat,Dave Brat,2,republican,57.7,57.7,7,VA,218057,True
bedell-65422,bedelle,Eileen,,Bedell,Eileen Bedell,1,democrat,42.3,42.3,7,VA,160159,
beyer-45543,beyerd,Donald,True,Beyer,Don Beyer Jr.,1,democrat,68.6,68.6,8,VA,246653,True
hernick-65424,hernickc,Charles,,Hernick,Charles Hernick,2,republican,27.4,27.4,8,VA,98387,
gracia-65423,graciaj,Julio,,Gracia,Julio Gracia,3,independent,4.1,4.1,8,VA,14664,
griffith-58574,griffithm,Morgan,True,Griffith,Morgan Griffith,2,republican,68.7,68.7,9,VA,212838,True
kitts-65425,kittsd,Derek,,Kitts,Derek Kitts,1,democrat,28.4,28.4,9,VA,87877,
boyd-65426,boydj,Janice,,Boyd,Janice Boyd,3,independent,2.9,2.9,9,VA,9050,
comstock-63886,comstockb,Barbara,True,Comstock,Barbara Comstock,2,republican,52.9,52.9,10,VA,210791,True
bennett-65427,bennettl,LuAnn,,Bennett,LuAnn Bennett,1,democrat,47.1,47.1,10,VA,187712,
connolly-59040,connollyg,Gerry,True,Connolly,Gerald E. Connolly,1,democrat,0.0,0.0,11,VA,0,True
welch-58883,welchp,Peter,True,Welch,Peter Welch,2,democrat,90.0,90.0,1,VT,264414,True
clawson-65453,clawsone,Erica,,Clawson,Erica Clawson,1,liberty-union,10.0,10.0,1,VT,29410,
delbene-61012,delbenes,Suzan,True,DelBene,Suzan DelBene,1,democrat,55.4,55.4,1,WA,193619,True
sutherland-64044,sutherlandr,Robert,,Sutherland,Robert Sutherland,2,republican,44.6,44.6,1,WA,155779,
larsen-1468,larsenr,Rick,True,Larsen,Rick Larsen,1,democrat,64.0,64.0,2,WA,208314,True
hennemann-65285,hennemannm,Marc,,Hennemann,Marc Hennemann,2,republican,36.0,36.0,2,WA,117094,
herrera-beutler-61094,herrera_beutlerj,Jaime,True,Herrera Beutler,Jaime Herrera Beutler,1,republican,61.8,61.8,3,WA,193457,True
moeller-58982,moellerj,Jim,,Moeller,Jim Moeller,2,democrat,38.2,38.2,3,WA,119820,
newhouse-58914,newhoused,Dan,True,Newhouse,Dan Newhouse,1,republican,57.6,57.6,4,WA,132517,True
didier-61368,didierc,Clint,,Didier,Clint Didier,2,republican,42.4,42.4,4,WA,97402,
mcmorris-rodgers-46291,mcmorris_rodgersc,Cathy,True,McMorris Rodgers,Cathy McMorris Rodgers,1,republican,59.6,59.6,5,WA,192959,True
pakootas-64058,pakootasj,Joe,,Pakootas,Joe Pakootas,2,democrat,40.4,40.4,5,WA,130575,
kilmer-62296,kilmerd,Derek,True,Kilmer,Derek Kilmer,1,democrat,61.5,61.5,6,WA,201718,True
bloom-65294,bloomt,Todd,,Bloom,Todd Bloom,2,republican,38.5,38.5,6,WA,126116,
jayapal-65298,jayapalp,Pramila,,Jayapal,Pramila Jayapal,1,democrat,56.0,56.0,7,WA,212010,True
walkinshaw-65297,walkinshawb,Brady,,Walkinshaw,Brady Walkinshaw,2,democrat,44.0,44.0,7,WA,166744,
reichert-50215,reichertd,Dave,True,Reichert,Dave Reichert,1,republican,60.2,60.2,8,WA,193145,True
ventrella-65304,ventrellat,Tony,,Ventrella,Tony Ventrella,2,democrat,39.8,39.8,8,WA,127720,
smith-1488,smitha,Adam,True,Smith,Adam Smith,1,democrat,72.9,72.9,9,WA,205165,True
basler-64065,baslerd,Doug,,Basler,Doug Basler,2,republican,27.1,27.1,9,WA,76317,
heck-61011,heckd,Denny,True,Heck,Denny Heck,1,democrat,58.7,58.7,10,WA,170460,True
postma-59499,postmaj,Jim,,Postma,Jim Postma,2,republican,41.3,41.3,10,WA,120104,
ryan-1461,ryanp,Paul,True,Ryan,Paul D. Ryan,1,republican,65.0,65.0,1,WI,230072,True
solen-65467,solenr,Ryan,,Solen,Ryan Solen,2,democrat,30.2,30.2,1,WI,107003,
zimmerman-61799,zimmermans,Spencer,,Zimmerman,Spencer Zimmerman,4,independent,2.7,2.7,1,WI,9429,
lebeck-65470,lebeckj,Jason,,Lebeck,Jason Lebeck,3,libertarian,2.1,2.1,1,WI,7486,
pocan-59107,pocanm,Mark,True,Pocan,Mark Pocan,2,democrat,68.8,68.8,2,WI,273537,True
theron-59595,theronp,Peter,,Theron,Peter Theron,1,republican,31.2,31.2,2,WI,124044,
kind-1094,kindr,Ron,True,Kind,Ron Kind,1,democrat,0.0,0.0,3,WI,0,True
moore-48730,mooreg,Gwen,True,Moore,Gwen Moore,1,democrat,77.0,77.0,4,WI,220181,True
raymond-1100,raymondr,Robert,,Raymond,Robert Raymond,3,independent,11.7,11.7,4,WI,33494,
craig-65479,craiga,Andy,,Craig,Andy Craig,2,libertarian,11.3,11.3,4,WI,32183,
sensenbrenner-1099,sensenbrennerj,Jim,True,Sensenbrenner,Jim Sensenbrenner,1,republican,66.8,66.8,5,WI,260706,True
penebaker-65472,penebakerk,Khary,,Penebaker,Khary Penebaker,2,democrat,29.3,29.3,5,WI,114477,
arndt-65473,arndtj,John,,Arndt,John Arndt,3,libertarian,3.9,3.9,5,WI,15324,
grothman-59087,grothmang,Glenn,True,Grothman,Glenn Grothman,1,republican,57.2,57.2,6,WI,204147,True
lloyd-65474,lloyds,Sarah,,Lloyd,Sarah Lloyd,2,democrat,37.3,37.3,6,WI,133072,
dahlke-65543,dahlkej,Jeff,,Dahlke,Jeff Dahlke,3,independent,5.5,5.5,6,WI,19716,
duffy-60735,duffys,Sean,True,Duffy,Sean P. Duffy,1,republican,61.7,61.7,7,WI,223418,True
hoeft-65475,hoeftm,Mary,,Hoeft,Mary Hoeft,2,democrat,38.3,38.3,7,WI,138643,
gallagher-65480,gallagherm,Mike,,Gallagher,Mike Gallagher,1,republican,62.7,62.7,8,WI,227892,True
nelson-65499,nelsont,Tom,,Nelson,Tom Nelson,2,democrat,37.3,37.3,8,WI,135682,
mckinley-47518,mckinleyd,David,True,McKinley,David B. McKinley,1,republican,69.0,69.0,1,WV,163469,True
manypenny-64872,manypennym,Mike,,Manypenny,Mike Manypenny,2,democrat,31.0,31.0,1,WV,73534,
mooney-22596,mooneya,Alex,True,Mooney,Alex Mooney,1,republican,58.2,58.2,2,WV,140807,True
hunt-47248,huntm,Mark,,Hunt,Mark Hunt,2,democrat,41.8,41.8,2,WV,101207,
jenkins-59268,jenkinse,Evan,True,Jenkins,Evan H. Jenkins,1,republican,67.9,67.9,3,WV,140741,True
detch-64877,detchm,Matt,,Detch,Matt Detch,2,democrat,24.0,24.0,3,WV,49708,
lawhorn-64310,lawhornz,Zane,,Lawhorn,Zane Lawhorn,3,libertarian,8.1,8.1,3,WV,16883,
cheney-65587,cheneyl,Liz,,Cheney,Liz Cheney,1,republican,62.2,62.2,1,WY,156176,True
greene-65580,greener,Ryan,,Greene,Ryan Greene,2,democrat,30.1,30.1,1,WY,75466,
cummings-62703,cummingsd,Daniel,,Cummings,Daniel Cummings,4,constitution,4.1,4.1,1,WY,10362,
struempf-65586,struempfl,Lawrence,,Struempf,Lawrence Struempf,3,libertarian,3.6,3.6,1,WY,9033,
